timestamp,pos_x,pos_y,pos_z,rot_x,rot_y,rot_z,rot_w
1770786123254,0,0,0,0,0,0,1
1770786123898,0.2553915,0.8736066,0.2509243,-0.1309908,-0.3784218,-0.09730853,0.9111363
1770786124083,0.1811161,0.9750692,0.2040857,0.1061531,-0.3663901,-0.03188207,0.9238362
1770786124293,0.1240786,1.065569,0.168063,0.2369765,-0.3280237,0.05964139,0.9125161
1770786124430,0.02162538,1.160157,0.02536241,0.3550252,-0.0259729,-0.01850612,0.9343126
1770786124533,0.01315593,1.16808,0.004921358,0.3455002,-0.005962878,-0.01599631,0.9382634
1770786124635,0.008791771,1.175822,-0.01432704,0.3295994,0.01819392,-0.011188,0.9438793
1770786124749,0.004779615,1.182126,-0.03871693,0.3183462,0.034164,-0.009986468,0.9473062
1770786124860,0.001907205,1.18376,-0.04451118,0.2336489,-0.0004115403,-0.00585686,0.9723033
1770786124971,-0.0015551,1.183957,-0.05226425,0.1692908,-0.0246994,-0.00219899,0.9852542
1770786125082,-0.001707925,1.177241,-0.05617863,0.08799597,-0.02574164,0.003047597,0.9957835
1770786125193,-0.001279797,1.174295,-0.04888073,0.01716113,-0.01875584,0.004270424,0.9996677
1770786125304,-0.00272521,1.176931,-0.04569793,0.01055919,-0.01851302,0.0009358731,0.9997724
1770786125409,-0.00490351,1.182418,-0.04114195,-0.01753856,-0.02194463,0.008854205,0.9995661
1770786125521,-0.008119382,1.187789,-0.04232495,-0.02568244,-0.03594868,-0.0004978809,0.9990235
1770786125632,-0.00646361,1.191398,-0.04476761,-0.01561321,-0.02163367,0.002310361,0.9996414
1770786125749,-0.006909607,1.19435,-0.04846528,-0.006597119,-0.01622966,-0.004025676,0.9998385
1770786125871,-0.008161569,1.193127,-0.05071664,0.0049941,-0.02227671,0.0006117112,0.9997392
1770786125980,-0.00477213,1.181225,-0.05541578,0.0688915,-0.02702378,0.002842619,0.997254
1770786126092,-0.00140059,1.171363,-0.05325253,0.1155985,-0.02609079,0.001023587,0.9929528
1770786126201,0.0009797476,1.168976,-0.04831872,0.1265928,-0.02569875,0.002893494,0.9916176
1770786126313,0.002012014,1.174943,-0.04193775,0.1029228,-0.03058176,0.0003061388,0.9942191
1770786126415,-0.0001292881,1.181239,-0.03717551,0.07907617,-0.04763326,-0.008508173,0.9956936
1770786126524,-0.00323055,1.188542,-0.03237863,0.05092616,-0.07054898,-0.01852712,0.9960352
1770786126637,-0.003353766,1.192989,-0.02738114,0.03467684,-0.07457858,-0.01872966,0.9964361
1770786126747,-0.002644897,1.19397,-0.02300488,0.0313599,-0.07221685,-0.01773744,0.9967381
1770786126860,-0.003332577,1.194131,-0.01926281,0.03103979,-0.07704061,-0.01771743,0.9963872
1770786126970,-0.005597892,1.196658,-0.01605709,0.01810692,-0.08726828,-0.02394002,0.9957325
1770786127081,-0.006454144,1.2024,-0.01422183,-0.01106877,-0.08687612,-0.03259066,0.9956244
1770786127193,-0.007168786,1.206171,-0.01268891,-0.02950984,-0.08320356,-0.03138649,0.9956009
1770786127303,-0.00745316,1.209002,-0.008820958,-0.04386702,-0.08958108,-0.02752018,0.9946324
1770786127415,-0.005758512,1.211031,-0.003940087,-0.0517386,-0.09688251,-0.03104989,0.9934651
1770786127526,-0.001839368,1.212177,0.0004374422,-0.05419699,-0.09942101,-0.03697234,0.9928802
1770786127638,0.00251554,1.213421,0.003466757,-0.05712096,-0.09675474,-0.0386461,0.992916
1770786127749,0.005432214,1.214123,0.006240946,-0.05942265,-0.09798989,-0.03727883,0.9927121
1770786127860,0.00699822,1.212614,0.006695635,-0.04535419,-0.1009171,-0.03118229,0.9933713
1770786127972,0.006789204,1.207618,0.005468696,-0.01936989,-0.1035744,-0.01861579,0.9942589
1770786128082,0.006085866,1.203246,0.004248589,0.002688954,-0.1131419,-0.004487895,0.9935651
1770786128194,0.006509487,1.202434,0.003007379,0.006912904,-0.1194431,-0.00512675,0.9928038
1770786128305,0.007605222,1.202655,0.001244588,0.008828941,-0.1204991,-0.01018923,0.9926219
1770786128416,0.00872016,1.202024,-0.0003254332,0.01120801,-0.117271,-0.009198489,0.9929941
1770786128528,0.009566812,1.200904,-0.002213761,0.01712753,-0.1098158,-0.01055134,0.9937484
1770786128639,0.009598383,1.204703,-0.003708302,-0.001896892,-0.1038506,-0.0132936,0.9945022
1770786128750,0.01018709,1.208848,-0.006615927,-0.02330622,-0.09332448,-0.01900837,0.9951814
1770786128861,0.01003066,1.212176,-0.008645652,-0.03997123,-0.0779999,-0.01982818,0.9959545
1770786128972,0.00843805,1.215029,-0.01014918,-0.05298003,-0.06669761,-0.01831619,0.9961973
1770786129083,0.00693919,1.217076,-0.01162543,-0.06123014,-0.05952117,-0.0178454,0.9961876
1770786129195,0.006315988,1.218724,-0.01338017,-0.06665529,-0.05270304,-0.02043414,0.9961736
1770786129306,0.006011127,1.219467,-0.01584403,-0.06958792,-0.0460078,-0.02208627,0.9962696
1770786129418,0.005414944,1.220768,-0.01861725,-0.07594395,-0.04477526,-0.02429061,0.99581
1770786129528,0.004328213,1.221391,-0.02168359,-0.07922801,-0.04902309,-0.02821239,0.9952506
1770786129640,0.003032543,1.22132,-0.0245303,-0.08037372,-0.05079189,-0.03148981,0.9949717
1770786129751,0.001559174,1.220962,-0.02659685,-0.08048224,-0.04964492,-0.03124099,0.9950287
1770786129862,0.0001098486,1.221588,-0.0275322,-0.08429621,-0.04672824,-0.02922027,0.9949155
1770786129974,-0.00201093,1.222427,-0.02657407,-0.08943746,-0.04719748,-0.02974577,0.9944288
1770786130085,-0.006263459,1.222602,-0.02533123,-0.0902172,-0.0600908,-0.03179416,0.9935991
1770786130196,-0.01380146,1.222061,-0.02564948,-0.08689996,-0.09598048,-0.03912745,0.9908104
1770786130307,-0.02063772,1.221936,-0.02676922,-0.08623151,-0.1290595,-0.04495801,0.986857
1770786130418,-0.02453085,1.22196,-0.02799846,-0.08765358,-0.1451839,-0.04720083,0.9843833
1770786130529,-0.02699358,1.221869,-0.02924587,-0.0870293,-0.1519813,-0.04777852,0.9833844
1770786130641,-0.02875159,1.221948,-0.03054079,-0.08751686,-0.156214,-0.04836787,0.9826488
1770786130752,-0.02981807,1.222498,-0.03214413,-0.0904026,-0.1588682,-0.04701967,0.9820272
1770786130862,-0.03011994,1.222545,-0.03365651,-0.09079501,-0.1608777,-0.04351008,0.9818256
1770786130974,-0.03013665,1.222389,-0.03455236,-0.09042349,-0.1617943,-0.04216188,0.9817681
1770786131085,-0.02976609,1.222384,-0.03494202,-0.09031423,-0.1614012,-0.04212852,0.9818443
1770786131196,-0.02931675,1.222608,-0.0352773,-0.09083614,-0.1615492,-0.04121302,0.9818107
1770786131307,-0.02901266,1.223164,-0.03559523,-0.09117796,-0.1614616,-0.04195192,0.9817621
1770786131418,-0.02968007,1.22327,-0.03698254,-0.08702198,-0.1637097,-0.04152851,0.981785
1770786131530,-0.03054172,1.223207,-0.03543176,-0.08577644,-0.1662354,-0.04355959,0.9813821
1770786131640,-0.03213902,1.222183,-0.03056111,-0.08667649,-0.1733682,-0.04849586,0.9798362
1770786131752,-0.03420201,1.2212,-0.02799148,-0.08260974,-0.1771029,-0.05582392,0.9791292
1770786131863,-0.03474818,1.217169,-0.03419846,-0.06180712,-0.1774748,-0.05958668,0.9803734
1770786131974,-0.0333522,1.214876,-0.04468389,-0.04913382,-0.1622924,-0.06259939,0.9835286
1770786132085,-0.03152741,1.212173,-0.0530629,-0.03257552,-0.1453799,-0.05571312,0.9872687
1770786132196,-0.03004157,1.210279,-0.05815364,-0.02216893,-0.1374663,-0.0516902,0.9889084
1770786132307,-0.02939769,1.210413,-0.06154559,-0.02308571,-0.1378549,-0.05390088,0.9887152
1770786132418,-0.02928871,1.21151,-0.0634212,-0.02895553,-0.1429234,-0.05683639,0.9876761
1770786132529,-0.02916036,1.212736,-0.06453951,-0.03410903,-0.1458458,-0.05897605,0.9869587
1770786132640,-0.02924472,1.213858,-0.06525117,-0.03953659,-0.1467846,-0.06004336,0.9865526
1770786132751,-0.0296893,1.214652,-0.06552386,-0.04282036,-0.1474659,-0.05911396,0.98637
1770786132863,-0.03030045,1.214959,-0.06600487,-0.04496166,-0.148884,-0.05788079,0.9861348
1770786132974,-0.03073677,1.215225,-0.06678629,-0.04580433,-0.1530813,-0.05816169,0.9854366
1770786133085,-0.03043507,1.215367,-0.06764377,-0.04647359,-0.1554566,-0.05988049,0.9849304
1770786133196,-0.02998596,1.215614,-0.06831692,-0.04746969,-0.1567324,-0.06081178,0.9846236
1770786133307,-0.02970938,1.215792,-0.06858861,-0.04832557,-0.1580707,-0.06064364,0.9843783
1770786133418,-0.02978371,1.215693,-0.06878232,-0.04766821,-0.1601915,-0.06001473,0.9841061
1770786133528,-0.03021587,1.215841,-0.0688723,-0.04848716,-0.1624981,-0.05961961,0.9837118
1770786133640,-0.03074116,1.215914,-0.06928896,-0.04915886,-0.1654669,-0.05870325,0.9832386
1770786133752,-0.03163168,1.216165,-0.06959249,-0.05037018,-0.169052,-0.05744235,0.9826416
1770786133862,-0.0320955,1.216333,-0.07018051,-0.05138182,-0.1719796,-0.05763801,0.9820697
1770786133974,-0.032694,1.216949,-0.07031014,-0.0544458,-0.1747207,-0.05685044,0.9814665
1770786134086,-0.03277452,1.217044,-0.06993771,-0.055209,-0.17586,-0.05668336,0.98123
1770786134196,-0.03250139,1.217084,-0.06931077,-0.05550807,-0.1773009,-0.056547,0.9809616
1770786134308,-0.03234852,1.217171,-0.06854372,-0.05559698,-0.1809483,-0.05796737,0.9802074
1770786134418,-0.0320346,1.216175,-0.06738486,-0.0510398,-0.1828299,-0.05832111,0.9800851
1770786134530,-0.03171314,1.215555,-0.06611142,-0.04892679,-0.1839334,-0.05862918,0.9799681
1770786134640,-0.03193301,1.215538,-0.065147,-0.04946697,-0.1865492,-0.05969042,0.9793822
1770786134752,-0.03207275,1.215359,-0.06362133,-0.04807422,-0.1875158,-0.05930598,0.9792904
1770786134862,-0.03145004,1.212951,-0.06104456,-0.03517463,-0.1777413,-0.05960725,0.9816403
1770786134974,-0.02840723,1.205943,-0.05600312,-0.00399821,-0.1492981,-0.05290985,0.9873676
1770786135085,-0.02522565,1.199811,-0.05155849,0.02261909,-0.124028,-0.04336607,0.9910726
1770786135196,-0.02352499,1.201349,-0.04955791,0.01459716,-0.1169642,-0.0461746,0.9919547
1770786135307,-0.02306272,1.204738,-0.04800671,-0.001633812,-0.1245216,-0.05288924,0.990805
1770786135418,-0.0229619,1.207173,-0.04673094,-0.01093094,-0.1376514,-0.05839524,0.9886975
1770786135530,-0.02244056,1.208294,-0.04517537,-0.01361389,-0.1482478,-0.0641369,0.9867744
1770786135640,-0.02158453,1.209445,-0.04368655,-0.01698553,-0.1538563,-0.06710239,0.9856658
1770786135752,-0.02080151,1.210663,-0.04237832,-0.02106544,-0.1573326,-0.06799557,0.9849768
1770786135863,-0.02063464,1.211209,-0.04171046,-0.02377881,-0.1605659,-0.067865,0.9844022
1770786135974,-0.02077884,1.210293,-0.04102877,-0.01948794,-0.163905,-0.06586356,0.984082
1770786136086,-0.0209838,1.208339,-0.03989505,-0.009258263,-0.1648404,-0.06333844,0.9842409
1770786136196,-0.02113039,1.205609,-0.03883201,0.002978934,-0.1634316,-0.06167396,0.9846206
1770786136308,-0.02164552,1.203583,-0.03812498,0.01104351,-0.1635891,-0.05929957,0.9846829
1770786136419,-0.02263705,1.203819,-0.03817178,0.009586639,-0.1683682,-0.05829763,0.9839521
1770786136530,-0.02402016,1.203758,-0.03820958,0.01056265,-0.1742338,-0.05727677,0.9829804
1770786136640,-0.02528401,1.203402,-0.03790156,0.0123523,-0.1793886,-0.0539573,0.9822199
1770786136753,-0.02646764,1.204127,-0.03749458,0.008658463,-0.1847867,-0.05416204,0.9812469
1770786136862,-0.02730957,1.209725,-0.03680868,-0.01585952,-0.1923069,-0.05888606,0.9794381
1770786136974,-0.02721951,1.216209,-0.03574742,-0.04859859,-0.2009374,-0.06664972,0.9761251
1770786137085,-0.02643023,1.218682,-0.03314727,-0.06371348,-0.2077224,-0.0645732,0.9739725
1770786137196,-0.0251588,1.219168,-0.02919931,-0.06523349,-0.2118461,-0.06161594,0.9731749
1770786137307,-0.02388571,1.220366,-0.02427248,-0.06961735,-0.2157387,-0.05957081,0.9721428
1770786137419,-0.02264871,1.220419,-0.01886908,-0.06934988,-0.2206937,-0.06038944,0.9709985
1770786137530,-0.02131317,1.219518,-0.01342063,-0.067403,-0.2227904,-0.06012849,0.9706729
1770786137640,-0.01993597,1.218661,-0.008461023,-0.06376736,-0.2220459,-0.0605306,0.9710641
1770786137753,-0.01838446,1.216969,-0.004516568,-0.05648716,-0.2198906,-0.05967724,0.9720576
1770786137863,-0.01677558,1.215085,-0.00183128,-0.04837801,-0.2178903,-0.05923169,0.9729723
1770786137975,-0.01556981,1.213831,-0.0005737389,-0.04378032,-0.2158018,-0.06229386,0.9734641
1770786138085,-0.01512591,1.213634,-0.001223198,-0.04370766,-0.214266,-0.06452754,0.9736611
1770786138197,-0.01567231,1.214213,-0.003423881,-0.04471362,-0.2136148,-0.06650194,0.9736257
1770786138308,-0.01779969,1.215011,-0.008799942,-0.04407471,-0.2149482,-0.06799087,0.9732584
1770786138420,-0.02058445,1.21516,-0.01877337,-0.03997139,-0.2118993,-0.07019708,0.9739473
1770786138529,-0.02259879,1.212642,-0.02891523,-0.02682592,-0.1969208,-0.07497052,0.9771807
1770786138641,-0.02320104,1.207717,-0.03505316,-0.006726044,-0.1734882,-0.07121496,0.9822347
1770786138752,-0.02178282,1.201588,-0.03939785,0.02040444,-0.1388108,-0.0644027,0.988012
1770786138862,-0.02133155,1.198576,-0.04348843,0.0320944,-0.1071558,-0.05856721,0.9919968
1770786138974,-0.02347923,1.197783,-0.04759443,0.03123743,-0.09682928,-0.05320233,0.9933871
1770786139085,-0.02640602,1.198192,-0.05149823,0.02827807,-0.0987671,-0.05341468,0.9932735
1770786139196,-0.02900755,1.199751,-0.05485353,0.01954541,-0.101355,-0.05348194,0.9932195
1770786139308,-0.0321794,1.203722,-0.05758003,-0.0005287677,-0.1135207,-0.05829147,0.991824
1770786139419,-0.03375143,1.205934,-0.06000527,-0.01006627,-0.1258085,-0.06218361,0.9900526
1770786139530,-0.03300185,1.206897,-0.06114217,-0.0141114,-0.1278701,-0.06302177,0.989686
1770786139641,-0.03126404,1.207296,-0.06161747,-0.01575061,-0.1243291,-0.06068693,0.9902582
1770786139753,-0.0298113,1.208083,-0.06220518,-0.01931309,-0.1241375,-0.06223027,0.9901234
1770786139862,-0.02897292,1.208911,-0.06293243,-0.0230036,-0.1266191,-0.06551905,0.989518
1770786139975,-0.02843289,1.209486,-0.06336715,-0.02584356,-0.1280164,-0.06539212,0.9892764
1770786140086,-0.02790678,1.209429,-0.06283589,-0.02502119,-0.1295748,-0.06520626,0.989107
1770786140196,-0.02694417,1.209337,-0.06166041,-0.02429068,-0.1296962,-0.06566658,0.9890788
1770786140307,-0.02560747,1.209118,-0.06028868,-0.02312671,-0.1288993,-0.06672509,0.98914
1770786140419,-0.02422496,1.208927,-0.05819471,-0.02292027,-0.1269404,-0.06784363,0.9893221
1770786140530,-0.02332599,1.208452,-0.056113,-0.02049575,-0.1265259,-0.06788668,0.9894254
1770786140641,-0.02295887,1.207722,-0.05477763,-0.01631749,-0.1266173,-0.06694161,0.9895558
1770786140752,-0.02333307,1.207983,-0.05356538,-0.01750446,-0.1281728,-0.06711736,0.9893233
1770786140863,-0.02452739,1.207847,-0.05221511,-0.01694992,-0.1310227,-0.0670912,0.9889614
1770786140975,-0.02728263,1.208519,-0.04979633,-0.0202144,-0.1339928,-0.06689953,0.988515
1770786141086,-0.03338579,1.21037,-0.04614943,-0.03264009,-0.1397958,-0.07104082,0.9870892
1770786141197,-0.04041145,1.211532,-0.0415992,-0.04561055,-0.1434512,-0.06690072,0.9863396
1770786141308,-0.04671396,1.211898,-0.03646918,-0.05352648,-0.1477689,-0.05547335,0.9860132
1770786141420,-0.05192479,1.210897,-0.0314959,-0.04758831,-0.1560734,-0.04784426,0.9854377
1770786141531,-0.05669408,1.207799,-0.02665254,-0.03539141,-0.1651928,-0.03981324,0.9848217
1770786141641,-0.06088429,1.203943,-0.02194234,-0.01539526,-0.1743686,-0.03445495,0.9839571
1770786141752,-0.06365784,1.20091,-0.01815649,-0.001395851,-0.179166,-0.03148255,0.983314
1770786141863,-0.0639971,1.199932,-0.01559757,0.002608123,-0.1789888,-0.02912052,0.9834166
1770786141974,-0.06063019,1.199008,-0.0119235,0.006439192,-0.1702332,-0.02783465,0.9849896
1770786142086,-0.05419149,1.197515,-0.007023743,0.01480439,-0.1541351,-0.0292945,0.9875044
1770786142197,-0.04779785,1.197474,-0.001480683,0.01381679,-0.1444895,-0.029269,0.9889769
1770786142307,-0.0422626,1.199757,0.002863885,0.00212793,-0.1373508,-0.03290492,0.9899735
1770786142419,-0.03816493,1.203159,0.005150724,-0.01742424,-0.1297177,-0.03185913,0.9908858
1770786142530,-0.03600144,1.206079,0.00597421,-0.03453656,-0.1252358,-0.03246183,0.9909942
1770786142641,-0.03547731,1.208257,0.006148695,-0.04903211,-0.1258517,-0.03577115,0.9901907
1770786142752,-0.03643324,1.209949,0.006659153,-0.06348705,-0.1328934,-0.04230691,0.9881897
1770786142863,-0.03853671,1.211398,0.007250683,-0.07673824,-0.1397012,-0.05086094,0.9859047
1770786142975,-0.04062416,1.212371,0.008752803,-0.08678655,-0.1389265,-0.05193584,0.9851245
1770786143085,-0.0427322,1.212885,0.01119973,-0.09575357,-0.1309645,-0.05042822,0.9854626
1770786143197,-0.04546091,1.212932,0.01422381,-0.1017939,-0.1194617,-0.04755369,0.9864612
1770786143308,-0.04949345,1.212678,0.01644484,-0.1044071,-0.1118603,-0.04278954,0.9872971
1770786143418,-0.05394904,1.213374,0.01751913,-0.1163769,-0.1049019,-0.03928104,0.9868683
1770786143530,-0.0585416,1.213722,0.01699456,-0.1216831,-0.1041558,-0.0349701,0.9864694
1770786143641,-0.06250656,1.213568,0.01577544,-0.1234794,-0.111822,-0.0359003,0.985373
1770786143753,-0.06424617,1.213363,0.01461354,-0.1232728,-0.1127075,-0.03955355,0.985158
1770786143863,-0.06509109,1.21412,0.0136657,-0.1290707,-0.111209,-0.04115948,0.9845198
1770786143974,-0.06527606,1.214713,0.01287584,-0.1321118,-0.107964,-0.04063769,0.9844993
1770786144085,-0.0653922,1.215049,0.01213382,-0.1350008,-0.1079579,-0.04006073,0.9841316
1770786144196,-0.06502756,1.215176,0.01156252,-0.1356836,-0.1104919,-0.04106228,0.9837151
1770786144308,-0.06469974,1.215258,0.01165312,-0.1361505,-0.1120575,-0.04064414,0.9834909
1770786144420,-0.06443015,1.215219,0.01233536,-0.1353676,-0.1121165,-0.04104815,0.9835754
1770786144530,-0.06395265,1.214911,0.01302789,-0.134452,-0.1111839,-0.04176349,0.9837767
1770786144641,-0.06384082,1.214606,0.01348945,-0.1332257,-0.110485,-0.04187893,0.9840174
1770786144753,-0.06385554,1.214532,0.01326011,-0.1334177,-0.1102129,-0.04201642,0.9840161
1770786144863,-0.06380009,1.214697,0.01283146,-0.1337802,-0.108142,-0.04162244,0.9842134
1770786144975,-0.06176536,1.214433,0.01292952,-0.1325826,-0.09773619,-0.04044684,0.9855118
1770786145085,-0.05837893,1.2142,0.01375015,-0.131401,-0.07903891,-0.03930615,0.9873914
1770786145197,-0.05517051,1.213942,0.01465924,-0.1300735,-0.06245844,-0.03794594,0.9888073
1770786145309,-0.05517724,1.213057,0.01554782,-0.1240574,-0.06570243,-0.03671104,0.9894167
1770786145419,-0.05934026,1.211417,0.01612392,-0.113043,-0.09154058,-0.03929666,0.9885836
1770786145531,-0.06500873,1.209919,0.01632209,-0.1045529,-0.1233458,-0.04336534,0.9858875
1770786145641,-0.06986944,1.209346,0.01612979,-0.1006171,-0.1459597,-0.04649277,0.9830619
1770786145753,-0.07269941,1.208943,0.01572874,-0.0992557,-0.156611,-0.04624081,0.9815717
1770786145864,-0.07397036,1.209083,0.0152356,-0.1000642,-0.1580443,-0.04551094,0.981294
1770786145975,-0.074894,1.209453,0.01470546,-0.1015462,-0.1574696,-0.0457939,0.981221
1770786146085,-0.07545845,1.209558,0.01447671,-0.1027004,-0.1551779,-0.04506397,0.9814997
1770786146196,-0.07554304,1.209744,0.01441199,-0.1035342,-0.1510638,-0.04444032,0.9820822
1770786146308,-0.07560202,1.209972,0.01427607,-0.1048413,-0.1478921,-0.04288956,0.9824952
1770786146419,-0.07549915,1.210204,0.01422967,-0.1060348,-0.1452763,-0.0419012,0.9828
1770786146530,-0.07472995,1.210552,0.01399419,-0.1072989,-0.1415424,-0.04126517,0.9832345
1770786146641,-0.07383837,1.210887,0.01384857,-0.1092265,-0.1369471,-0.04132504,0.9836704
1770786146753,-0.07272273,1.211307,0.01369942,-0.1120018,-0.1315916,-0.04209208,0.9840567
1770786146863,-0.07110409,1.211364,0.01412442,-0.1130887,-0.1218092,-0.04066034,0.9852514
1770786146975,-0.06724592,1.211311,0.01563009,-0.1141442,-0.09769424,-0.03692311,0.9879593
1770786147086,-0.06391764,1.210965,0.01693684,-0.1141186,-0.07585036,-0.03306698,0.9900153
1770786147196,-0.06133163,1.210687,0.01801711,-0.1137023,-0.06000122,-0.02971204,0.9912562
1770786147308,-0.05956689,1.2109,0.01868142,-0.1147798,-0.05069932,-0.02931072,0.9916633
1770786147419,-0.05807517,1.210994,0.01918485,-0.1159818,-0.04352486,-0.03026623,0.9918355
1770786147530,-0.05698843,1.210864,0.01959873,-0.1165144,-0.03832424,-0.03183794,0.9919385
1770786147641,-0.05665529,1.211206,0.0200029,-0.1188104,-0.03622328,-0.03230264,0.9917302
1770786147753,-0.05663309,1.211732,0.01985342,-0.123488,-0.03700735,-0.03248364,0.9911236
1770786147864,-0.05673494,1.213082,0.01957633,-0.1309547,-0.03994298,-0.03313101,0.9900292
1770786147975,-0.05663164,1.213734,0.01864681,-0.1344314,-0.04275125,-0.03305083,0.9894485
1770786148086,-0.05649558,1.214015,0.01806393,-0.1353785,-0.04357159,-0.03288145,0.9892892
1770786148198,-0.05639803,1.214299,0.01739579,-0.1368633,-0.04304421,-0.03278546,0.9891111
1770786148308,-0.05660682,1.214594,0.01683288,-0.1388225,-0.04275961,-0.0323032,0.9888663
1770786148420,-0.0567227,1.214636,0.01641963,-0.1393121,-0.04202577,-0.03161202,0.9888512
1770786148531,-0.05682006,1.214641,0.01622902,-0.1393169,-0.04221725,-0.03082006,0.9888674
1770786148641,-0.05655731,1.214794,0.01620543,-0.1404382,-0.04305356,-0.03068233,0.988677
1770786148753,-0.05596367,1.214931,0.01620197,-0.1405075,-0.04333147,-0.03223066,0.9886057
1770786148863,-0.05480953,1.214964,0.01637011,-0.1401561,-0.04224814,-0.03261518,0.9886899
1770786148975,-0.05346264,1.215146,0.01633494,-0.1402732,-0.04075497,-0.03354537,0.9887049
1770786149087,-0.05231911,1.215433,0.01628204,-0.1420521,-0.04072413,-0.03434073,0.9884248
1770786149197,-0.05145612,1.215596,0.01592774,-0.1424861,-0.04148448,-0.03566516,0.9882838
1770786149308,-0.0509105,1.215991,0.01561849,-0.1442672,-0.0415283,-0.03585573,0.9880166
1770786149420,-0.05034251,1.216229,0.01529933,-0.1449217,-0.03908935,-0.03572968,0.9880249
1770786149531,-0.05006103,1.216265,0.01494904,-0.1453654,-0.03745961,-0.03550112,0.9880311
1770786149641,-0.05019373,1.21637,0.01444602,-0.1453858,-0.03646138,-0.03566327,0.9880596
1770786149753,-0.05076722,1.216483,0.01394656,-0.1459072,-0.03692123,-0.03473666,0.9879987
1770786149864,-0.05215351,1.216656,0.01371906,-0.1457107,-0.04393283,-0.03448549,0.9877495
1770786149975,-0.05474613,1.216287,0.01384306,-0.1433934,-0.0545248,-0.0335022,0.9875945
1770786150086,-0.05820065,1.21536,0.01401579,-0.1380784,-0.07059932,-0.03217351,0.9873778
1770786150198,-0.06170938,1.21436,0.01430704,-0.1329688,-0.08480375,-0.03123105,0.9869916
1770786150308,-0.06373253,1.212968,0.01490652,-0.1260474,-0.08971297,-0.02933064,0.9875239
1770786150420,-0.06434575,1.210208,0.01635645,-0.1106803,-0.08792434,-0.02711827,0.9895877
1770786150531,-0.06462413,1.205012,0.01940848,-0.08146279,-0.0840802,-0.02201448,0.9928796
1770786150641,-0.06577089,1.200075,0.0231256,-0.05476168,-0.08728857,-0.01803691,0.9945133
1770786150753,-0.06711955,1.197262,0.0266738,-0.04160631,-0.09291566,-0.01823353,0.9946372
1770786150863,-0.06757422,1.196348,0.02907501,-0.03768239,-0.09571271,-0.0192111,0.99451
1770786150975,-0.06773242,1.196283,0.02979936,-0.03866256,-0.09776103,-0.02044008,0.9942486
1770786151086,-0.06778851,1.197053,0.02950913,-0.04285398,-0.1006499,-0.02158917,0.9937642
1770786151198,-0.06773676,1.197856,0.02904264,-0.04627173,-0.1032194,-0.02328619,0.9933089
1770786151308,-0.06770663,1.198712,0.02876458,-0.0499128,-0.1042821,-0.02420592,0.9929995
1770786151419,-0.06785322,1.199617,0.02838226,-0.05372958,-0.1058327,-0.02472203,0.9926235
1770786151531,-0.0678146,1.200557,0.02793762,-0.05871069,-0.1066287,-0.02592123,0.9922255
1770786151641,-0.06758888,1.20083,0.02728107,-0.05997914,-0.1064324,-0.02658925,0.9921531
1770786151752,-0.06740868,1.201187,0.02693267,-0.06194156,-0.1056165,-0.02682738,0.9921132
1770786151863,-0.06743048,1.201478,0.02670468,-0.06315261,-0.1059885,-0.02717079,0.9919879
1770786151975,-0.06739482,1.201392,0.02680858,-0.06372193,-0.105564,-0.0274738,0.9919884
1770786152086,-0.06756963,1.201592,0.02676605,-0.06392486,-0.1052126,-0.02762743,0.9920084
1770786152197,-0.06772083,1.20173,0.026611,-0.06515137,-0.1052988,-0.02736755,0.9919267
1770786152308,-0.06779376,1.20194,0.02644721,-0.06635096,-0.105209,-0.027401,0.9918558
1770786152419,-0.06784948,1.20214,0.02624908,-0.0670833,-0.1050444,-0.02713005,0.9918314
1770786152531,-0.06789815,1.20212,0.02601256,-0.06769224,-0.1051672,-0.02706819,0.9917787
1770786152641,-0.06781202,1.202417,0.02576308,-0.06887135,-0.1051147,-0.02693738,0.9917066
1770786152752,-0.06761765,1.202597,0.02574535,-0.06935842,-0.1047975,-0.02748714,0.9916912
1770786152863,-0.06744999,1.202735,0.02559961,-0.06992756,-0.1048268,-0.02798828,0.9916341
1770786152975,-0.06741607,1.202784,0.02562919,-0.07064766,-0.1052682,-0.02800366,0.9915359
1770786153086,-0.06736846,1.202904,0.02561302,-0.07133559,-0.1050288,-0.02864868,0.9914935
1770786153197,-0.06745847,1.202824,0.02567597,-0.07130504,-0.1049382,-0.02870812,0.9915037
1770786153308,-0.06751488,1.202898,0.02556849,-0.07140007,-0.1053811,-0.02878846,0.9914475
1770786153419,-0.06735063,1.202967,0.02552534,-0.07166135,-0.1054602,-0.02824861,0.9914357
1770786153530,-0.0669357,1.203216,0.02536996,-0.07237301,-0.1055057,-0.02912312,0.9913539
1770786153641,-0.066568,1.203449,0.02524062,-0.07285824,-0.1052964,-0.02944287,0.9913312
1770786153752,-0.06617081,1.203569,0.02503657,-0.07332702,-0.1053623,-0.02946419,0.991289
1770786153863,-0.06608677,1.203797,0.02502483,-0.07393913,-0.1057562,-0.02983157,0.9911906
1770786153975,-0.06665318,1.203519,0.02521043,-0.07326426,-0.1073261,-0.02952513,0.9910811
1770786154085,-0.0675335,1.203264,0.02563401,-0.0725148,-0.1089405,-0.02945541,0.9909622
1770786154197,-0.06810481,1.202923,0.02560731,-0.07219264,-0.1089943,-0.0289349,0.9909952
1770786154309,-0.06900012,1.202834,0.02514812,-0.07182943,-0.1105641,-0.02831211,0.9908656
1770786154419,-0.0697453,1.203369,0.02451208,-0.07431085,-0.1124892,-0.02716735,0.9904979
1770786154531,-0.0701684,1.203546,0.02421603,-0.07465099,-0.1132607,-0.02623911,0.9904094
1770786154641,-0.07036436,1.203634,0.02410278,-0.07479156,-0.1133017,-0.0257937,0.9904058
1770786154752,-0.07065608,1.203699,0.02415837,-0.07474744,-0.1136023,-0.02534939,0.9903862
1770786154863,-0.07093754,1.203782,0.02421883,-0.07536156,-0.1141126,-0.02510916,0.9902871
1770786154975,-0.07085007,1.203911,0.02421434,-0.07605102,-0.1136794,-0.02510506,0.9902843
1770786155086,-0.0711156,1.204054,0.02414061,-0.07688974,-0.113812,-0.02516835,0.9902027
1770786155197,-0.07127668,1.204193,0.02383521,-0.07813948,-0.11338,-0.02487002,0.990162
1770786155308,-0.07158025,1.204579,0.02326385,-0.07986423,-0.1132871,-0.02457383,0.9900424
1770786155419,-0.07173994,1.205043,0.02261847,-0.08251205,-0.1132045,-0.02451799,0.9898361
1770786155530,-0.07173935,1.205363,0.02213474,-0.0845424,-0.111485,-0.02533173,0.9898394
1770786155641,-0.07181858,1.205549,0.02184841,-0.0857394,-0.1107428,-0.02513419,0.9898248
1770786155753,-0.07183427,1.205635,0.02167057,-0.085981,-0.1103106,-0.02543708,0.9898443
1770786155863,-0.07181431,1.205674,0.02164821,-0.08666977,-0.1095413,-0.02489806,0.9898834
1770786155974,-0.07156806,1.205708,0.02184705,-0.0864983,-0.1083153,-0.02531181,0.9900229
1770786156085,-0.07111143,1.20566,0.0218135,-0.08649722,-0.1068304,-0.02579194,0.9901718
1770786156196,-0.07090659,1.205746,0.02161651,-0.08679073,-0.1061423,-0.02597587,0.9902154
1770786156308,-0.07066073,1.205809,0.02162713,-0.08730817,-0.1056477,-0.02659837,0.9902062
1770786156419,-0.07044356,1.205715,0.02171756,-0.08699437,-0.1042427,-0.02719679,0.9903665
1770786156531,-0.07044078,1.205594,0.02157149,-0.08691408,-0.1038263,-0.02692806,0.9904247
1770786156641,-0.07023588,1.205694,0.02170232,-0.08722631,-0.1030777,-0.02711154,0.9904703
1770786156752,-0.06996201,1.205681,0.02177728,-0.08690586,-0.1025674,-0.0276548,0.9905365
1770786156863,-0.06991582,1.20571,0.02183894,-0.0872541,-0.1023859,-0.02797752,0.9905156
1770786156974,-0.06995957,1.205662,0.02182676,-0.0869216,-0.1023613,-0.02787199,0.9905504
1770786157086,-0.06989805,1.205684,0.02211585,-0.08697203,-0.1017808,-0.02801809,0.9906017
1770786157197,-0.06973872,1.205484,0.02246365,-0.08613747,-0.1015507,-0.02863131,0.9906806
1770786157309,-0.06959617,1.205487,0.02268556,-0.08635561,-0.1016673,-0.02885204,0.9906433
1770786157419,-0.0691441,1.205542,0.02269139,-0.0864501,-0.1008227,-0.02946565,0.9907033
1770786157531,-0.06870219,1.205552,0.02266684,-0.08615011,-0.1001762,-0.02995982,0.9907802
1770786157641,-0.06831994,1.205319,0.02304341,-0.08501208,-0.1000521,-0.02988617,0.9908932
1770786157752,-0.06807764,1.204425,0.02371927,-0.08055215,-0.1002117,-0.03059269,0.9912281
1770786157863,-0.06799065,1.203996,0.02424859,-0.07886384,-0.1005233,-0.03094307,0.9913214
1770786157974,-0.0679765,1.203777,0.02467715,-0.07788626,-0.09999293,-0.03124481,0.9914429
1770786158085,-0.06795994,1.202879,0.02469098,-0.07088611,-0.1004579,-0.0288189,0.9919944
1770786158196,-0.06836487,1.198503,0.02605381,-0.04969842,-0.100518,-0.02352173,0.9934148
1770786158307,-0.0694889,1.190362,0.03041837,-0.007929482,-0.1006436,-0.01713946,0.9947433
1770786158418,-0.07207544,1.184694,0.03678477,0.01592381,-0.1044091,-0.01474495,0.9942977
1770786158529,-0.07507333,1.182828,0.04206343,0.01993378,-0.1093051,-0.01418203,0.9937072
1770786158639,-0.07703118,1.181882,0.0447291,0.02051443,-0.1138507,-0.01410256,0.993186
1770786158751,-0.07761823,1.182077,0.04527223,0.01696549,-0.1165725,-0.01676559,0.9928958
1770786158862,-0.07698962,1.184694,0.04494364,0.004840917,-0.115815,-0.0204025,0.9930495
1770786158973,-0.07533682,1.188361,0.04423013,-0.01448581,-0.1114073,-0.02405178,0.9933781
1770786159084,-0.07238348,1.192507,0.04405081,-0.03753946,-0.1006672,-0.02782164,0.9938224
1770786159196,-0.06520796,1.198704,0.04618569,-0.0783494,-0.06470627,-0.0296542,0.9943818
1770786159306,-0.05544703,1.200956,0.04866142,-0.09844767,-0.01628928,-0.02795754,0.9946161
1770786159418,-0.0475131,1.201241,0.05095835,-0.1049287,0.01670173,-0.02566838,0.9940082
1770786159530,-0.04202343,1.201338,0.05254624,-0.108744,0.03306149,-0.0257777,0.9931855
1770786159641,-0.03799316,1.200962,0.05351753,-0.1081047,0.04033595,-0.02821994,0.99292
1770786159752,-0.03499848,1.200517,0.05407548,-0.1066534,0.04377424,-0.03169828,0.9928264
1770786159863,-0.03266124,1.200287,0.05401456,-0.1053772,0.04599502,-0.0345763,0.9927661
1770786159974,-0.03155632,1.200437,0.05356175,-0.105448,0.04577394,-0.03667,0.9926937
1770786160085,-0.03089622,1.200941,0.05261102,-0.1071438,0.04523683,-0.03876942,0.992457
1770786160196,-0.03096651,1.201817,0.05150808,-0.1092182,0.04427654,-0.0392918,0.9922536
1770786160307,-0.03130221,1.202755,0.05028293,-0.1127338,0.04258874,-0.03982317,0.991913
1770786160420,-0.03182723,1.20391,0.04873445,-0.1168462,0.04010346,-0.04120532,0.9914841
1770786160530,-0.03238664,1.20538,0.04686845,-0.1235693,0.03739759,-0.04198936,0.9907417
1770786160640,-0.03260756,1.207099,0.04484019,-0.1314423,0.03573318,-0.04293648,0.9897488
1770786160752,-0.03270733,1.208989,0.04280707,-0.1405655,0.03535271,-0.04368313,0.9884753
1770786160862,-0.03209168,1.210904,0.04096462,-0.1513781,0.03764969,-0.04520972,0.9867235
1770786160974,-0.03087383,1.212429,0.03920674,-0.1592903,0.04288194,-0.04615256,0.9852197
1770786161084,-0.02962423,1.213343,0.03746683,-0.1644108,0.04649551,-0.04709793,0.9841692
1770786161196,-0.0287886,1.214293,0.03614927,-0.1679712,0.04776378,-0.04811087,0.983458
1770786161307,-0.02821549,1.214857,0.03493385,-0.1708321,0.04860015,-0.04903525,0.9828784
1770786161419,-0.02768084,1.215342,0.03412053,-0.173039,0.04993815,-0.05002697,0.9823752
1770786161530,-0.0272364,1.215528,0.03373588,-0.1736829,0.05148655,-0.05029906,0.9821677
1770786161640,-0.02725546,1.215423,0.03361857,-0.1726585,0.05066585,-0.05111789,0.9823487
1770786161752,-0.02796819,1.215375,0.03368357,-0.1717914,0.04718821,-0.05138385,0.98266
1770786161862,-0.02841782,1.215309,0.03362137,-0.171525,0.0451735,-0.05040043,0.9828522
1770786161974,-0.02839853,1.215671,0.0336068,-0.1731209,0.04503345,-0.0498874,0.982605
1770786162085,-0.02793362,1.215772,0.03345691,-0.1742446,0.04587388,-0.05022276,0.9823503
1770786162197,-0.02777101,1.216133,0.0332067,-0.1751316,0.04632382,-0.04996087,0.9821848
1770786162308,-0.02789481,1.216319,0.03289654,-0.1761715,0.04507053,-0.04997093,0.9820566
1770786162418,-0.02833483,1.216463,0.03273975,-0.176429,0.04368314,-0.04958865,0.9820925
1770786162530,-0.02914532,1.21656,0.03270923,-0.1764401,0.04163492,-0.0489633,0.9822108
1770786162640,-0.03037143,1.216583,0.03264453,-0.1765668,0.03788687,-0.04816845,0.9823791
1770786162751,-0.0322329,1.216884,0.03264159,-0.177559,0.03044179,-0.04842071,0.9824467
1770786162862,-0.0343899,1.216841,0.03271146,-0.1770016,0.02064143,-0.04944307,0.9827511
1770786162974,-0.03615271,1.216819,0.03254593,-0.1767177,0.01338877,-0.04924872,0.9829376
1770786163085,-0.03768027,1.216961,0.03219772,-0.1772578,0.00869137,-0.04885126,0.9829129
1770786163196,-0.03995936,1.216803,0.03148454,-0.1758536,0.002067149,-0.04789054,0.9832486
1770786163307,-0.04290555,1.216583,0.03062082,-0.1724545,-0.00839363,-0.04680731,0.983869
1770786163419,-0.04581311,1.216318,0.02970823,-0.1691305,-0.01976724,-0.04448541,0.9843908
1770786163529,-0.04811502,1.215926,0.02875656,-0.1653444,-0.02981433,-0.04214611,0.9848838
1770786163641,-0.04966643,1.21545,0.02800488,-0.160548,-0.0381602,-0.04139926,0.9854209
1770786163752,-0.05123682,1.214955,0.02751921,-0.1564612,-0.04649676,-0.0393711,0.9858032
1770786163863,-0.05218654,1.214943,0.02736092,-0.1554634,-0.05068886,-0.03775075,0.9858177
1770786163974,-0.05219027,1.215145,0.02731648,-0.1573729,-0.04882298,-0.03725323,0.9856279
1770786164086,-0.05144935,1.215214,0.02723026,-0.1573954,-0.04424536,-0.03790667,0.9858155
1770786164196,-0.0508344,1.215272,0.02702534,-0.1578319,-0.04031713,-0.0374306,0.9859324
1770786164308,-0.05025188,1.215802,0.02678242,-0.1605536,-0.03659081,-0.0359412,0.9856936
1770786164419,-0.04956305,1.216203,0.02655383,-0.1623942,-0.0337555,-0.03611514,0.9854869
1770786164531,-0.04914248,1.216257,0.02634833,-0.1624847,-0.03320456,-0.037476,0.9854399
1770786164641,-0.04901607,1.216584,0.02631912,-0.1637682,-0.03293525,-0.03751509,0.985235
1770786164752,-0.04888186,1.216326,0.02661697,-0.1624204,-0.032435,-0.03774777,0.9854658
1770786164863,-0.04876054,1.215586,0.02752004,-0.1588853,-0.03232655,-0.03819253,0.9860284
1770786164974,-0.04861458,1.214855,0.02843349,-0.1556827,-0.03125274,-0.03813969,0.9865757
1770786165085,-0.04822668,1.213976,0.02918962,-0.1515113,-0.03032513,-0.03699848,0.9872973
1770786165197,-0.0476048,1.212861,0.02953343,-0.1443335,-0.02962545,-0.03680256,0.9884006
1770786165307,-0.04702801,1.210999,0.03021146,-0.1322026,-0.02917789,-0.03819341,0.9900568
1770786165419,-0.04680433,1.208544,0.03151646,-0.1168511,-0.0293771,-0.03791899,0.9919904
1770786165530,-0.04665286,1.206689,0.03334764,-0.1061875,-0.02878886,-0.03765941,0.9932156
1770786165641,-0.04660309,1.205554,0.03448401,-0.1006248,-0.0278462,-0.03695249,0.993848
1770786165752,-0.04642861,1.205047,0.03456865,-0.09765323,-0.02624879,-0.03631539,0.9942113
1770786165862,-0.04662299,1.204942,0.03414497,-0.0972262,-0.02522124,-0.03585139,0.9942966
1770786165975,-0.0471475,1.204942,0.03373556,-0.09721551,-0.02580785,-0.03515012,0.9943076
1770786166085,-0.04747681,1.204797,0.03372565,-0.09659731,-0.0253993,-0.03488039,0.9943879
1770786166195,-0.04767253,1.204743,0.03376132,-0.09539963,-0.02372243,-0.03383832,0.9945809
1770786166307,-0.04763173,1.204687,0.03390839,-0.09552046,-0.02135867,-0.03287875,0.9946551
1770786166418,-0.04740237,1.204519,0.03404244,-0.09463159,-0.01883334,-0.0318471,0.9948246
1770786166529,-0.04694964,1.20433,0.03411277,-0.09327373,-0.01639229,-0.03191176,0.994994
1770786166640,-0.04591966,1.203955,0.03400608,-0.09074195,-0.01193339,-0.03169248,0.9952985
1770786166752,-0.0440869,1.203392,0.03381843,-0.08820875,-0.0033582,-0.02982138,0.9956499
1770786166862,-0.04193427,1.203097,0.0338569,-0.08652574,0.007061854,-0.02743703,0.9958467
1770786166974,-0.04003839,1.202558,0.03424652,-0.08482973,0.01690537,-0.02483092,0.9959425
1770786167085,-0.03822742,1.20225,0.03452572,-0.0840307,0.02583455,-0.02293778,0.9958642
1770786167196,-0.03688063,1.202067,0.03485478,-0.08329022,0.03224075,-0.02264469,0.9957463
1770786167307,-0.03585483,1.202212,0.03480589,-0.08232461,0.03671783,-0.02313673,0.9956602
1770786167419,-0.03494745,1.202282,0.03458907,-0.08218901,0.04048942,-0.02286145,0.9955314
1770786167530,-0.03420077,1.20229,0.03452733,-0.081565,0.04294209,-0.02236998,0.9954913
1770786167640,-0.0335058,1.202321,0.03455843,-0.08114358,0.04489598,-0.02263328,0.9954335
1770786167752,-0.03339252,1.202134,0.03485368,-0.08025862,0.04525129,-0.02267025,0.9954883
1770786167862,-0.03350272,1.202044,0.0350574,-0.08048183,0.04479399,-0.02207685,0.9955043
1770786167974,-0.03380924,1.201892,0.03538822,-0.08011901,0.04472509,-0.02214907,0.9955351
1770786168085,-0.03406352,1.201807,0.0355803,-0.07943896,0.04519856,-0.02175953,0.9955768
1770786168195,-0.03438199,1.201791,0.03549583,-0.07931528,0.04553531,-0.02092006,0.9955893
1770786168308,-0.03465918,1.201858,0.03525802,-0.07946274,0.0447277,-0.01979964,0.9956371
1770786168419,-0.03473464,1.20208,0.03521071,-0.08033442,0.04410927,-0.01961332,0.9955984
1770786168530,-0.03453276,1.201914,0.03541391,-0.07913936,0.04472543,-0.02027408,0.9956534
1770786168641,-0.03420135,1.201672,0.03580984,-0.0785041,0.04481593,-0.02031154,0.9956988
1770786168752,-0.03395954,1.201484,0.03613555,-0.07769718,0.04462813,-0.02086724,0.9957591
1770786168863,-0.03346816,1.200972,0.03656957,-0.07603662,0.04538925,-0.02121669,0.9958455
1770786168974,-0.033095,1.200754,0.03673715,-0.07511697,0.04567845,-0.02185941,0.9958881
1770786169085,-0.03285526,1.200664,0.03678055,-0.07502349,0.04565834,-0.022072,0.9958915
1770786169196,-0.03268215,1.200638,0.03684375,-0.07435904,0.0456817,-0.02222603,0.9959368
1770786169308,-0.03264715,1.200694,0.03670744,-0.07483691,0.04544427,-0.02292843,0.9958959
1770786169419,-0.03285238,1.200887,0.03670765,-0.07528736,0.04481533,-0.02324874,0.995883
1770786169529,-0.03311565,1.201167,0.0365671,-0.07576291,0.04390679,-0.02308454,0.9958912
1770786169640,-0.03333382,1.201438,0.03648351,-0.07691147,0.04238148,-0.02369606,0.9958549
1770786169751,-0.03387403,1.201427,0.03642293,-0.07654558,0.03963554,-0.02422994,0.9959833
1770786169862,-0.03464495,1.20144,0.03641413,-0.07649305,0.03628401,-0.02432907,0.9961127
1770786169974,-0.03535604,1.201502,0.03634835,-0.07666886,0.03306502,-0.02413952,0.9962158
1770786170084,-0.03565472,1.201446,0.03629886,-0.07658741,0.03182039,-0.02431614,0.9962583
1770786170195,-0.03587642,1.201427,0.03628197,-0.07612713,0.03210163,-0.0238499,0.9962958
1770786170307,-0.03586269,1.201306,0.03629999,-0.07602315,0.03219973,-0.02379777,0.9963018
1770786170419,-0.03570453,1.201331,0.03624742,-0.07627824,0.03285951,-0.02343141,0.9962695
1770786170528,-0.03574354,1.201382,0.03612152,-0.07604346,0.03284642,-0.02379339,0.9962794
1770786170640,-0.03583438,1.20156,0.03608231,-0.07645477,0.03317389,-0.02323308,0.9962502
1770786170751,-0.0359336,1.201593,0.03599166,-0.07665832,0.03287779,-0.02319966,0.9962451
1770786170861,-0.0360487,1.201681,0.03587717,-0.07703244,0.03257644,-0.0233875,0.9962218
1770786170974,-0.0366037,1.201688,0.03568873,-0.07709265,0.03217441,-0.02326741,0.996233
1770786171083,-0.03703922,1.201678,0.03571435,-0.07711644,0.03156559,-0.02266348,0.9962646
1770786171196,-0.03704064,1.201567,0.03573699,-0.07671081,0.032335,-0.02240854,0.996277
1770786171307,-0.03748371,1.201675,0.0360343,-0.07782035,0.02892296,-0.02244666,0.996295
1770786171418,-0.04455981,1.203099,0.03572645,-0.08455128,-0.01640217,-0.03286798,0.9957418
1770786171529,-0.05640805,1.205034,0.03377511,-0.09228815,-0.09484293,-0.05143033,0.9898701
1770786171639,-0.06499312,1.206263,0.0317965,-0.095424,-0.1503443,-0.06202979,0.9820607
1770786171751,-0.06922989,1.206874,0.03127836,-0.09829196,-0.1748615,-0.06728211,0.9773614
1770786171861,-0.07014518,1.206759,0.03175021,-0.09826034,-0.1764702,-0.06620229,0.9771492
1770786171974,-0.0698612,1.206258,0.03235598,-0.09610496,-0.1719904,-0.06352288,0.9783394
1770786172083,-0.06938209,1.205872,0.03259392,-0.09474766,-0.166925,-0.06282117,0.979394
1770786172195,-0.06697175,1.204994,0.03374501,-0.09193085,-0.1497402,-0.05941368,0.9826478
1770786172307,-0.06423657,1.204087,0.03476848,-0.0880811,-0.1298684,-0.05496163,0.9860807
1770786172419,-0.06182669,1.203286,0.0352717,-0.08459044,-0.1125796,-0.05128958,0.9887061
1770786172528,-0.0594908,1.202792,0.03545166,-0.08263586,-0.09686995,-0.04799235,0.9906989
1770786172640,-0.05720535,1.202485,0.03548954,-0.08144318,-0.08203646,-0.04656704,0.992204
1770786172751,-0.05499705,1.202541,0.03560726,-0.08274628,-0.06858876,-0.04527879,0.993176
1770786172861,-0.05267309,1.202757,0.0355095,-0.08365511,-0.05440156,-0.04387987,0.9940407
1770786172973,-0.04993033,1.202952,0.03527455,-0.08388062,-0.039482,-0.0418881,0.9948119
1770786173083,-0.04748832,1.203227,0.03491965,-0.08465263,-0.02771104,-0.04108926,0.9951773
1770786173196,-0.0456675,1.203544,0.03479126,-0.08594456,-0.02021287,-0.04037652,0.9952763
1770786173306,-0.04429051,1.203774,0.03484196,-0.0866688,-0.01613957,-0.04108264,0.9952589
1770786173417,-0.04283384,1.203775,0.03504586,-0.08758087,-0.01171339,-0.04203616,0.9952012
1770786173529,-0.04075956,1.203549,0.03530063,-0.08669938,-0.003269076,-0.04180335,0.9953517
1770786173640,-0.03868382,1.203519,0.03549695,-0.0866712,0.006057844,-0.04135711,0.9953598
1770786173751,-0.03706627,1.203438,0.03555236,-0.08722137,0.0131104,-0.04034048,0.9952855
1770786173862,-0.03620144,1.203478,0.03559247,-0.08756861,0.01626216,-0.04085062,0.9951877
1770786173973,-0.03578621,1.203789,0.03543344,-0.08886512,0.01679787,-0.04080916,0.9950656
1770786174084,-0.03588153,1.203925,0.03516617,-0.09002097,0.01526019,-0.04083895,0.9949852
1770786174195,-0.03604903,1.204149,0.03485744,-0.0909049,0.01459926,-0.04049709,0.9949288
1770786174306,-0.03625192,1.204203,0.03479917,-0.09099122,0.01456976,-0.04040941,0.9949249
1770786174418,-0.0364949,1.204223,0.03484344,-0.09135026,0.0141775,-0.04013166,0.9949089
1770786174529,-0.03680772,1.204265,0.03471714,-0.09149307,0.01377468,-0.0395461,0.9949248
1770786174639,-0.03686575,1.204402,0.03466842,-0.09209496,0.01345439,-0.0393056,0.9948832
1770786174751,-0.03709647,1.204583,0.03450325,-0.09279304,0.0127932,-0.03912588,0.9948342
1770786174862,-0.03705759,1.204764,0.03446644,-0.09325378,0.01206546,-0.03899302,0.9948054
1770786174973,-0.03706107,1.204919,0.03439153,-0.09342458,0.01079255,-0.03908683,0.9948003
1770786175084,-0.03705159,1.204877,0.03452007,-0.09344567,0.008667052,-0.03968375,0.9947955
1770786175195,-0.03748519,1.204697,0.03463548,-0.09275626,0.00562036,-0.04043294,0.9948517
1770786175306,-0.03797186,1.204516,0.03460116,-0.09288494,0.003961653,-0.040351,0.9948511
1770786175418,-0.03822169,1.20454,0.03446292,-0.09278502,0.003795788,-0.04000755,0.9948748
1770786175529,-0.03858816,1.204503,0.03427434,-0.09246051,0.003370017,-0.04010467,0.9949027
1770786175639,-0.03907639,1.204503,0.03409968,-0.09237791,0.002133995,-0.03946036,0.9949395
1770786175752,-0.03941835,1.204559,0.03388925,-0.09247805,0.00090608,-0.03895753,0.994952
1770786175861,-0.03934268,1.20471,0.03375394,-0.0929747,0.001505196,-0.03942434,0.9948865
1770786175973,-0.03952365,1.204726,0.03373644,-0.09319752,0.001853094,-0.0389097,0.9948854
1770786176083,-0.039844,1.204738,0.0336422,-0.0934575,0.0009161682,-0.03891982,0.9948619
1770786176195,-0.04008837,1.204712,0.03367687,-0.09353025,0.0006531776,-0.03806087,0.9948885
1770786176306,-0.0400435,1.204749,0.03360694,-0.09311429,0.0008003861,-0.03868226,0.9949034
1770786176417,-0.03991985,1.204809,0.0334945,-0.09342802,0.001046941,-0.03869218,0.9948734
1770786176529,-0.0397562,1.204953,0.0332064,-0.09439899,0.001103416,-0.03876287,0.9947789
1770786176640,-0.03964822,1.205218,0.03295092,-0.0956793,0.001218081,-0.03931116,0.9946349
1770786176751,-0.03969099,1.20527,0.03275467,-0.0962027,0.001871109,-0.03912432,0.9945908
1770786176862,-0.03982403,1.205539,0.03255655,-0.09748785,0.001653925,-0.03902992,0.9944698
1770786176974,-0.03986633,1.206295,0.03242031,-0.1022586,0.001684293,-0.03899651,0.9939917
1770786177084,-0.0392258,1.208819,0.03211251,-0.1172459,0.003495276,-0.04040415,0.9922746
1770786177196,-0.03802221,1.21082,0.03084306,-0.1293412,0.007809877,-0.04121359,0.9907126
1770786177307,-0.03675829,1.211496,0.02947224,-0.1328913,0.01085518,-0.04140974,0.9902058
1770786177418,-0.03639857,1.211335,0.02905041,-0.1311402,0.00883542,-0.04293368,0.9903944
1770786177529,-0.03691592,1.210428,0.02930029,-0.1256856,0.004081428,-0.0447474,0.9910521
1770786177639,-0.03775723,1.209857,0.02960776,-0.1232136,0.0001609176,-0.04450169,0.9913819
1770786177752,-0.03821017,1.209431,0.02955648,-0.1214737,-0.0005062521,-0.04423644,0.9916083
1770786177862,-0.03841667,1.209238,0.02944115,-0.1209427,-0.0002425462,-0.04391731,0.9916875
1770786177974,-0.03875271,1.2091,0.02926021,-0.1196682,-0.0008599162,-0.04386253,0.9918442
1770786178084,-0.039379,1.208726,0.02923242,-0.1181036,-0.001946852,-0.04331862,0.9920541
1770786178196,-0.03989023,1.208344,0.02932063,-0.1155597,-0.003367335,-0.04264329,0.9923791
1770786178307,-0.04019797,1.207623,0.02971205,-0.1109639,-0.003994167,-0.04278415,0.9928951
1770786178419,-0.04064103,1.206632,0.03058913,-0.1048791,-0.004597545,-0.04239705,0.9935702
1770786178529,-0.040963,1.206194,0.03133193,-0.1029035,-0.004864872,-0.04157885,0.9938101
1770786178640,-0.04090705,1.206029,0.03134707,-0.1023662,-0.004928201,-0.04147244,0.9938697
1770786178751,-0.04074097,1.205938,0.03111714,-0.10173,-0.004740223,-0.04209064,0.9939099
1770786178862,-0.0407308,1.206129,0.03096451,-0.1019212,-0.004697174,-0.04214191,0.9938884
1770786178973,-0.0409478,1.206128,0.03104023,-0.1017345,-0.005149364,-0.04189217,0.9939158
1770786179085,-0.04099974,1.206319,0.03113837,-0.1017314,-0.00493513,-0.04198655,0.9939133
1770786179196,-0.04103982,1.206361,0.03122149,-0.101538,-0.004452482,-0.04207962,0.9939314
1770786179307,-0.04127647,1.206397,0.03133715,-0.1015633,-0.00476408,-0.04193757,0.9939333
1770786179418,-0.04149061,1.2063,0.03157477,-0.1011794,-0.00489895,-0.04144827,0.9939924
1770786179529,-0.04153359,1.206207,0.03178863,-0.1006984,-0.004987076,-0.04194839,0.9940198
1770786179640,-0.04156751,1.206309,0.03191883,-0.1007761,-0.004783869,-0.04173255,0.994022
1770786179751,-0.04136994,1.206316,0.03186634,-0.1006676,-0.004827783,-0.04187431,0.9940268
1770786179862,-0.04093507,1.206499,0.03190248,-0.101294,-0.003906265,-0.04254994,0.9939386
1770786179973,-0.04069746,1.206322,0.03189075,-0.1011876,-0.003450781,-0.0430517,0.9939295
1770786180084,-0.04068729,1.206462,0.03189865,-0.101537,-0.003552973,-0.042886,0.9939007
1770786180195,-0.04086672,1.206417,0.03189346,-0.1015316,-0.003619775,-0.04276097,0.9939064
1770786180307,-0.04118129,1.206316,0.03191182,-0.1010812,-0.003751724,-0.0427665,0.9939515
1770786180418,-0.04156755,1.206376,0.0316949,-0.1014522,-0.003829211,-0.04204937,0.993944
1770786180530,-0.04187757,1.206451,0.03135224,-0.1019423,-0.004158705,-0.04157283,0.9939126
1770786180640,-0.04185227,1.206732,0.03106698,-0.1031326,-0.003801197,-0.04145852,0.993796
1770786180751,-0.04195966,1.206702,0.03095571,-0.1032936,-0.003558055,-0.04156367,0.9937758
1770786180862,-0.04234694,1.206648,0.0308784,-0.1031013,-0.004122838,-0.04073662,0.9938278
1770786180974,-0.0426508,1.206663,0.03088464,-0.102916,-0.004788741,-0.04044563,0.993856
1770786181084,-0.04276924,1.206677,0.03098082,-0.1030452,-0.004746467,-0.04024925,0.9938507
1770786181196,-0.04278639,1.20664,0.03104581,-0.1025466,-0.004741639,-0.0404152,0.9938955
1770786181307,-0.04292022,1.20669,0.03100963,-0.1027249,-0.005025834,-0.04024643,0.9938826
1770786181418,-0.04279685,1.206679,0.03094963,-0.1028167,-0.005219817,-0.04002314,0.9938812
1770786181530,-0.0423279,1.206656,0.03090323,-0.1028638,-0.00383462,-0.04024452,0.9938737
1770786181640,-0.04176727,1.206924,0.03085187,-0.1037834,-0.002835721,-0.04072165,0.9937619
1770786181751,-0.04151239,1.20684,0.03084205,-0.1038726,-0.002670527,-0.04080571,0.9937496
1770786181862,-0.04135025,1.206866,0.03086781,-0.103901,-0.002105191,-0.04076018,0.9937499
1770786181973,-0.04122021,1.206899,0.03084575,-0.1039089,-0.001862332,-0.04096252,0.9937413
1770786182084,-0.04101124,1.206776,0.03089967,-0.103401,-0.001245961,-0.04067888,0.9938068
1770786182196,-0.04067003,1.206607,0.03076334,-0.1032092,-0.0005099177,-0.0407231,0.9938256
1770786182307,-0.04039136,1.206797,0.03071983,-0.1039228,-8.645654e-05,-0.04103699,0.9937384
1770786182418,-0.040241,1.206875,0.03065854,-0.1040961,0.0005151182,-0.04133781,0.9937077
1770786182529,-0.04012328,1.207035,0.0304492,-0.104679,0.0003792197,-0.04102913,0.9936593
1770786182640,-0.04005977,1.20704,0.03056171,-0.1044037,0.0003444701,-0.04164618,0.9936626
1770786182752,-0.04040092,1.206865,0.03077794,-0.103918,-0.0008064955,-0.04190489,0.9937024
1770786182862,-0.04067443,1.206722,0.03083697,-0.1035338,-0.0009269863,-0.04146245,0.993761
1770786182973,-0.04090717,1.206738,0.03055068,-0.1037701,-0.0008717924,-0.04152283,0.9937338
1770786183084,-0.04115821,1.206895,0.03037725,-0.1041672,-0.001442537,-0.04137143,0.9936979
1770786183196,-0.04146871,1.206862,0.03034665,-0.1041541,-0.001254707,-0.04120239,0.9937065
1770786183307,-0.04209227,1.206787,0.03030654,-0.1039335,-0.001638457,-0.04073056,0.9937485
1770786183418,-0.04295014,1.206791,0.03018533,-0.1039879,-0.003021985,-0.04027746,0.9937581
1770786183529,-0.04385019,1.206862,0.03012935,-0.1042863,-0.003532916,-0.03892922,0.9937789
1770786183640,-0.0444963,1.206901,0.03000046,-0.1041712,-0.005184874,-0.03848401,0.9938011
1770786183752,-0.0447088,1.206937,0.02991995,-0.1046381,-0.005077347,-0.03816315,0.9937649
1770786183861,-0.04477359,1.206909,0.02984691,-0.1044357,-0.00568521,-0.03764684,0.9938026
1770786183973,-0.04454685,1.206945,0.02991571,-0.1048708,-0.004891634,-0.03818111,0.9937407
1770786184084,-0.04456618,1.206843,0.02999596,-0.1044784,-0.004887551,-0.03819139,0.9937816
1770786184195,-0.0447688,1.206823,0.02997859,-0.1046615,-0.00564447,-0.03783803,0.9937719
1770786184305,-0.04475186,1.20684,0.02973504,-0.1046726,-0.005333334,-0.03765142,0.9937795
1770786184418,-0.04454733,1.206941,0.02957644,-0.1047929,-0.004739746,-0.03771545,0.9937673
1770786184529,-0.0442841,1.206888,0.02960785,-0.1048168,-0.003743529,-0.03812484,0.9937535
1770786184639,-0.04418411,1.206896,0.02974989,-0.1044814,-0.003954574,-0.03824979,0.9937832
1770786184751,-0.04403308,1.206824,0.02989544,-0.1045464,-0.004078165,-0.03835783,0.9937717
1770786184862,-0.04360622,1.206896,0.03010667,-0.1049841,-0.003073126,-0.03908228,0.9937009
1770786184972,-0.04331404,1.206721,0.03010037,-0.1046651,-0.002204672,-0.03959255,0.9937167
1770786185083,-0.04300979,1.20673,0.03009452,-0.1046751,-0.001740977,-0.03997184,0.9937014
1770786185195,-0.04285046,1.206691,0.03007568,-0.105237,-0.001225188,-0.03984356,0.9936479
1770786185307,-0.04275759,1.206682,0.03012916,-0.1048741,-0.0008321403,-0.04029636,0.9936684
1770786185417,-0.04271378,1.206676,0.03002515,-0.1050264,-0.0007529706,-0.04019053,0.9936567
1770786185529,-0.04268199,1.206752,0.02996232,-0.105313,-0.0007397681,-0.0399749,0.9936351
1770786185640,-0.0424207,1.206932,0.02987723,-0.1059208,-8.487701e-05,-0.04042403,0.9935526
1770786185751,-0.04227809,1.206955,0.02968031,-0.106169,0.0009444952,-0.04044963,0.9935247
1770786185862,-0.04232975,1.207036,0.02957749,-0.106831,0.001292735,-0.04044743,0.9934534
1770786185973,-0.04244281,1.207035,0.02962276,-0.1069402,0.001307055,-0.04042454,0.9934425
1770786186084,-0.04234653,1.207022,0.02971652,-0.106646,0.001811653,-0.04067133,0.9934633
1770786186195,-0.04208262,1.207047,0.02971661,-0.1069308,0.002355561,-0.04056503,0.9934358
1770786186307,-0.04190591,1.207055,0.02971097,-0.1067136,0.002033174,-0.04041287,0.9934661
1770786186418,-0.04167067,1.20708,0.02975393,-0.1069716,0.002721354,-0.04078104,0.9934217
1770786186529,-0.04147056,1.206985,0.02976021,-0.1066676,0.003080383,-0.04136524,0.9934292
1770786186639,-0.04148097,1.207036,0.02968965,-0.1070412,0.003124684,-0.04118255,0.9933965
1770786186751,-0.04177625,1.207129,0.02944024,-0.1072241,0.002507687,-0.04111354,0.9933813
1770786186862,-0.04215508,1.207166,0.02928524,-0.1078502,0.002068624,-0.04065156,0.9933335
1770786186973,-0.04264998,1.207228,0.0292824,-0.107541,0.001987875,-0.04038939,0.9933779
1770786187084,-0.04311555,1.207312,0.02927542,-0.1076017,0.001060709,-0.0396455,0.9934027
1770786187195,-0.04336759,1.207402,0.02910169,-0.1080394,0.0005523711,-0.03900485,0.993381
1770786187306,-0.04332104,1.207594,0.02895709,-0.1088552,0.0006066412,-0.03921837,0.9932835
1770786187418,-0.04312454,1.207565,0.02884029,-0.1088928,0.0008566082,-0.03961342,0.9932635
1770786187529,-0.0430022,1.207578,0.02879154,-0.1091716,0.0004078597,-0.03967224,0.9932309
1770786187639,-0.04283517,1.207553,0.02901805,-0.1089551,0.0003090203,-0.03965123,0.9932556
1770786187751,-0.0424239,1.207417,0.02915221,-0.1084354,0.0003887266,-0.04024849,0.9932883
1770786187861,-0.04187324,1.207358,0.02933096,-0.1085362,0.001112252,-0.0406042,0.9932622
1770786187973,-0.0414796,1.207371,0.02918634,-0.1084929,0.001037464,-0.04073725,0.9932617
1770786188087,-0.04104122,1.207531,0.02911458,-0.1091935,0.001646757,-0.04147252,0.9931536
1770786188196,-0.04065468,1.20739,0.02914203,-0.1086137,0.002543896,-0.0419515,0.9931952
1770786188307,-0.04074356,1.207331,0.02924803,-0.1083734,0.002031162,-0.04191716,0.9932241
1770786188418,-0.04093504,1.207252,0.02925606,-0.1082356,0.001842618,-0.04188688,0.9932407
1770786188529,-0.04114799,1.20721,0.02931942,-0.1081837,0.001984581,-0.04172688,0.9932529
1770786188639,-0.04152181,1.20727,0.02923094,-0.1081934,0.001359403,-0.0415946,0.9932585
1770786188751,-0.04245348,1.207467,0.02912874,-0.1088815,-0.003561363,-0.04163931,0.9931759
1770786188862,-0.04612708,1.207929,0.02854216,-0.1094919,-0.02595592,-0.04546007,0.9926083
1770786188972,-0.04899065,1.20792,0.02792687,-0.1086341,-0.04340246,-0.04700902,0.9920207
1770786189083,-0.05012363,1.207798,0.02801125,-0.1076707,-0.04634991,-0.04587101,0.9920456
1770786189195,-0.04961913,1.207565,0.02805122,-0.1075434,-0.04174006,-0.04522397,0.9922938
1770786189306,-0.04933231,1.207553,0.02776936,-0.108166,-0.03999655,-0.04553155,0.9922839
1770786189418,-0.04928026,1.207874,0.02741118,-0.1090421,-0.04010806,-0.04532952,0.9921928
1770786189527,-0.04912631,1.208007,0.02718218,-0.1094991,-0.03990239,-0.04509799,0.9921612
1770786189638,-0.04871831,1.208212,0.02719649,-0.1097309,-0.03922984,-0.04509748,0.9921625
1770786189749,-0.04808372,1.208392,0.02715099,-0.1106377,-0.03743006,-0.0456447,0.9921063
1770786189861,-0.0474176,1.208407,0.02721166,-0.1107246,-0.03522694,-0.0462567,0.9921489
1770786189972,-0.04710221,1.208483,0.02723828,-0.1112328,-0.03392996,-0.0462058,0.9921396
1770786190083,-0.04709847,1.208453,0.02730614,-0.1115972,-0.0334373,-0.04612269,0.9921193
1770786190195,-0.0470797,1.208298,0.02745932,-0.1112626,-0.03284837,-0.04571595,0.9921954
1770786190305,-0.04713431,1.208163,0.02742995,-0.1104846,-0.03273229,-0.0458501,0.99228
1770786190416,-0.04745707,1.208209,0.02729207,-0.1108164,-0.03350915,-0.04535407,0.9922399
1770786190527,-0.04809411,1.208359,0.02703056,-0.1108867,-0.03694135,-0.04499766,0.9921263
1770786190638,-0.04997008,1.208674,0.02675267,-0.111373,-0.05057473,-0.04748672,0.9913543
1770786190750,-0.05147948,1.208794,0.02656095,-0.1114074,-0.06051537,-0.04890516,0.9907243
1770786190860,-0.05201841,1.208727,0.0267771,-0.1109334,-0.06331924,-0.04813998,0.9906397
1770786190973,-0.05183293,1.208473,0.02708495,-0.1100176,-0.06235221,-0.04842774,0.9907892
1770786191082,-0.051795,1.208036,0.02746058,-0.1089517,-0.06209774,-0.04882911,0.9909032
1770786191194,-0.05158365,1.207836,0.02747434,-0.1087453,-0.06135739,-0.04846055,0.9909901
1770786191305,-0.05128917,1.207841,0.02734135,-0.1088101,-0.06062005,-0.04838745,0.9910319
1770786191417,-0.05047373,1.208013,0.02740861,-0.1095182,-0.05733034,-0.04867209,0.9911358
1770786191528,-0.04919953,1.208006,0.02778371,-0.1094407,-0.05031589,-0.04868941,0.9915243
1770786191639,-0.04771392,1.207791,0.02832214,-0.1087588,-0.04147208,-0.04769134,0.9920571
1770786191750,-0.04628392,1.207489,0.02850292,-0.1078873,-0.03367987,-0.04704206,0.9924783
1770786191861,-0.04491159,1.207242,0.02831736,-0.1068319,-0.02719688,-0.04626711,0.9928277
1770786191972,-0.04312211,1.206902,0.02821731,-0.1048623,-0.01754625,-0.04614136,0.9932609
1770786192082,-0.04099208,1.206283,0.02837641,-0.1018482,-0.006249845,-0.04471797,0.9937748
1770786192194,-0.03891705,1.205294,0.02893081,-0.0969739,0.004671454,-0.04284481,0.9943534
1770786192305,-0.03722499,1.204728,0.02979231,-0.09473194,0.01295848,-0.04242624,0.9945139
1770786192417,-0.03644405,1.204622,0.03008647,-0.09423757,0.01577616,-0.04208496,0.9945347
1770786192527,-0.03653062,1.204837,0.02992879,-0.0953137,0.01429832,-0.04238045,0.9944419
1770786192638,-0.03667847,1.205176,0.02967824,-0.09666996,0.0139598,-0.04228628,0.9943199
1770786192749,-0.03667525,1.205365,0.02966471,-0.09713414,0.01476179,-0.04222965,0.9942654
1770786192861,-0.03699332,1.205427,0.02972314,-0.09694768,0.0140511,-0.04227984,0.9942918
1770786192972,-0.03746565,1.205444,0.02990763,-0.0967797,0.01261805,-0.04180945,0.9943473
1770786193083,-0.0376941,1.20561,0.03004137,-0.09746268,0.01188345,-0.04115294,0.9943171
1770786193194,-0.03780833,1.205636,0.03019381,-0.0978785,0.01106582,-0.04164306,0.9942651
1770786193304,-0.03856506,1.205477,0.0306983,-0.09784766,0.007022917,-0.0412058,0.9943233
1770786193417,-0.04773252,1.205881,0.03264395,-0.1009393,-0.03935774,-0.04298984,0.9931839
1770786193528,-0.0626719,1.205303,0.03935674,-0.1086778,-0.1032785,-0.04933639,0.9874657
1770786193638,-0.07865983,1.203042,0.05058378,-0.118909,-0.1511914,-0.05774118,0.9796264
1770786193750,-0.09423846,1.199456,0.06430215,-0.1270679,-0.1772553,-0.06496651,0.9737627
1770786193861,-0.1088138,1.195749,0.07924077,-0.1395125,-0.187387,-0.06810745,0.9699401
1770786193973,-0.1223971,1.191161,0.09443296,-0.1495436,-0.1888054,-0.06675418,0.968263
1770786194083,-0.1345975,1.185079,0.1086831,-0.1518766,-0.1885115,-0.06121838,0.9683229
1770786194196,-0.1447873,1.180837,0.1198115,-0.1505086,-0.1886277,-0.05566145,0.9688491
1770786194306,-0.1512275,1.178876,0.1270248,-0.1514705,-0.1869022,-0.05106833,0.9692864
1770786194417,-0.1542937,1.17699,0.1311899,-0.1514577,-0.1838996,-0.04518987,0.9701543
1770786194528,-0.1549776,1.176396,0.1327417,-0.149345,-0.1840217,-0.04177212,0.9706118
1770786194640,-0.1540189,1.176687,0.1326234,-0.1493006,-0.1855482,-0.04256887,0.9702933
1770786194751,-0.1522507,1.177297,0.1328666,-0.1497265,-0.1848728,-0.04244697,0.9703619
1770786194861,-0.1502153,1.178315,0.1338414,-0.1500011,-0.1824422,-0.042706,0.9707682
1770786194973,-0.1480258,1.179185,0.1351753,-0.1498452,-0.1797557,-0.04283099,0.9712877
1770786195083,-0.1443744,1.17977,0.1372717,-0.1488401,-0.172509,-0.04246816,0.9727712
1770786195195,-0.1371995,1.180071,0.1408684,-0.1465749,-0.1505233,-0.03954105,0.9768803
1770786195305,-0.1258417,1.179819,0.1455387,-0.1440495,-0.1077967,-0.03321644,0.9831207
1770786195418,-0.1152987,1.180204,0.1484806,-0.1410213,-0.07664405,-0.03214358,0.9865118
1770786195528,-0.1062157,1.181574,0.1493584,-0.1414201,-0.05701278,-0.03422555,0.9877138
1770786195640,-0.0972789,1.182621,0.1495479,-0.1425268,-0.03935385,-0.03424175,0.9884154
1770786195751,-0.08878735,1.182602,0.1500382,-0.140158,-0.02140981,-0.03387634,0.9893179
1770786195861,-0.08202182,1.182295,0.1505821,-0.1370729,-0.00719896,-0.03359728,0.9899649
1770786195973,-0.07790137,1.181892,0.1511372,-0.1353819,-0.0003073812,-0.03524906,0.9901663
1770786196084,-0.07574229,1.181344,0.1522948,-0.133379,0.00213179,-0.03570741,0.9904194
1770786196195,-0.07444139,1.180708,0.153228,-0.1309472,0.002944589,-0.03625816,0.9907218
1770786196307,-0.07339998,1.180481,0.1537774,-0.1303674,0.003840789,-0.03729848,0.9907566
1770786196418,-0.07264803,1.18049,0.1540144,-0.1300086,0.004474133,-0.03798016,0.9907751
1770786196529,-0.07245004,1.180396,0.15397,-0.1299904,0.004921883,-0.03849281,0.9907556
1770786196640,-0.07281454,1.180616,0.1538607,-0.130694,0.004239008,-0.03855731,0.9906636
1770786196751,-0.07361084,1.180717,0.1537724,-0.131206,0.002603412,-0.03830784,0.9906114
1770786196861,-0.07441174,1.180562,0.1539335,-0.1305861,0.000900954,-0.03819039,0.9907007
1770786196973,-0.0751798,1.180516,0.1539482,-0.1303657,-0.0006370097,-0.03829895,0.9907258
1770786197084,-0.07571093,1.180498,0.1539587,-0.1303536,-0.001840532,-0.03813965,0.990732
1770786197195,-0.07635953,1.180467,0.1539536,-0.130548,-0.003030002,-0.03811883,0.9907044
1770786197306,-0.07677586,1.18053,0.1536964,-0.1307272,-0.003522977,-0.03804495,0.9906818
1770786197418,-0.07677965,1.18058,0.1534997,-0.1315136,-0.003185808,-0.03791762,0.9905838
1770786197528,-0.07683811,1.180699,0.1535564,-0.1318469,-0.003386765,-0.03777126,0.9905444
1770786197640,-0.07687853,1.180851,0.1534508,-0.1322586,-0.003430426,-0.03758729,0.9904965
1770786197751,-0.07697705,1.180937,0.1533435,-0.1321249,-0.004012108,-0.03772631,0.9905068
1770786197861,-0.07709093,1.181141,0.1529352,-0.133154,-0.004378349,-0.03790396,0.9903606
1770786197973,-0.07729284,1.181165,0.1526858,-0.1338032,-0.003936648,-0.03814577,0.9902657
1770786198084,-0.07766364,1.181133,0.1526716,-0.1338704,-0.00399068,-0.03784991,0.9902678
1770786198195,-0.07792325,1.180956,0.1527885,-0.1337615,-0.004174143,-0.03788859,0.9902802
1770786198307,-0.07787079,1.180829,0.1528969,-0.1337026,-0.0039538,-0.03771823,0.9902956
1770786198418,-0.07742546,1.180805,0.1528321,-0.1338821,-0.003387481,-0.0375161,0.9902811
1770786198528,-0.0769417,1.180941,0.152846,-0.1340168,-0.003352896,-0.03747158,0.9902648
1770786198639,-0.0763245,1.181088,0.1528202,-0.1345132,-0.003444999,-0.03821794,0.9901685
1770786198751,-0.07574932,1.180973,0.153007,-0.1344714,-0.002616361,-0.03845928,0.9901675
1770786198861,-0.07570571,1.180901,0.153278,-0.1341498,-0.002934322,-0.038392,0.9902127
1770786198972,-0.07595065,1.180797,0.153398,-0.1339304,-0.003853917,-0.03874008,0.9902257
1770786199084,-0.07611888,1.180832,0.1534933,-0.1340271,-0.004127502,-0.03873368,0.9902118
1770786199195,-0.0761282,1.180911,0.1534923,-0.1341194,-0.004293084,-0.03869283,0.9902003
1770786199307,-0.0761572,1.180897,0.153408,-0.133959,-0.004607692,-0.03849555,0.9902282
1770786199418,-0.07590675,1.181011,0.1534303,-0.1343469,-0.004669145,-0.03872118,0.9901665
1770786199528,-0.07570818,1.180977,0.1535733,-0.1342554,-0.00448434,-0.03935886,0.9901547
1770786199639,-0.0757008,1.180954,0.1535446,-0.1343116,-0.004721269,-0.03930815,0.9901479
1770786199751,-0.07554837,1.181028,0.1534129,-0.1346964,-0.004371449,-0.03937792,0.9900945
1770786199861,-0.07537284,1.181031,0.1533693,-0.1347946,-0.003979191,-0.0396501,0.990072
1770786199973,-0.07524713,1.181019,0.1533732,-0.1349402,-0.003857195,-0.0397613,0.9900481
1770786200084,-0.07507047,1.181067,0.1534285,-0.1349308,-0.003722697,-0.0396084,0.9900561
1770786200194,-0.07482962,1.181129,0.1534554,-0.1353464,-0.003558666,-0.03940412,0.9900081
1770786200306,-0.07445335,1.181103,0.1534026,-0.1355311,-0.002751917,-0.03926223,0.9899911
1770786200417,-0.07433491,1.181232,0.1533246,-0.1358657,-0.00246942,-0.03914373,0.9899506
1770786200528,-0.07434223,1.181168,0.1533509,-0.1358445,-0.002680123,-0.03989567,0.989923
1770786200639,-0.07438238,1.181138,0.1534013,-0.1357416,-0.002436712,-0.03947227,0.9899547
1770786200751,-0.07433072,1.181169,0.1535146,-0.1356208,-0.002256304,-0.03968397,0.9899632
1770786200861,-0.07435837,1.181227,0.1535187,-0.1360911,-0.002306148,-0.03969429,0.9898981
1770786200972,-0.07437687,1.181217,0.1535107,-0.1361794,-0.002383858,-0.03974537,0.9898837
1770786201083,-0.07431703,1.18115,0.1535342,-0.1361981,-0.002266884,-0.04007264,0.9898683
1770786201195,-0.07434148,1.18107,0.153694,-0.1358713,-0.002236336,-0.04012915,0.989911
1770786201306,-0.07437066,1.181003,0.1537922,-0.1357999,-0.002594844,-0.04014316,0.9899193
1770786201417,-0.07418948,1.180999,0.153801,-0.1355724,-0.00239417,-0.0401402,0.9899511
1770786201528,-0.07382912,1.18097,0.1538264,-0.1353264,-0.001821145,-0.04028968,0.98998
1770786201639,-0.07349909,1.181212,0.153647,-0.1358722,-0.001392826,-0.0401419,0.9899119
1770786201750,-0.07329317,1.181421,0.1534789,-0.1361438,-0.001397878,-0.04025021,0.9898701
1770786201861,-0.07301329,1.181494,0.1534769,-0.1364694,-0.00115405,-0.04075595,0.9898049
1770786201973,-0.07274687,1.181358,0.1535258,-0.136232,-0.0002459884,-0.04090698,0.989832
1770786202084,-0.07274021,1.181298,0.1535944,-0.1361865,-0.0003003031,-0.04062748,0.9898498
1770786202194,-0.07264999,1.181299,0.1536788,-0.1361658,-0.0005641282,-0.04081677,0.9898448
1770786202305,-0.07233796,1.181176,0.1537521,-0.1360761,0.0001361221,-0.04103531,0.9898481
1770786202418,-0.07198624,1.181153,0.153822,-0.1359155,0.0006490648,-0.04126105,0.9898607
1770786202528,-0.07191136,1.181196,0.1537984,-0.1360091,0.0006666929,-0.04139714,0.9898421
1770786202639,-0.07184465,1.181227,0.1537822,-0.1362188,0.0007314682,-0.04137613,0.9898141
1770786202750,-0.07169945,1.181249,0.1537524,-0.1364346,0.001250595,-0.04149594,0.9897789
1770786202861,-0.07176549,1.181269,0.1536411,-0.1365124,0.001320466,-0.04134978,0.9897742
1770786202972,-0.07187188,1.181339,0.1535256,-0.1365846,0.001042649,-0.04147262,0.9897594
1770786203084,-0.07197329,1.181397,0.153458,-0.1369878,0.001066864,-0.04109545,0.9897193
1770786203194,-0.07190519,1.181357,0.1535365,-0.1366376,0.001410201,-0.04128761,0.9897593
1770786203306,-0.07179351,1.181322,0.1535576,-0.1367311,0.001390964,-0.04130358,0.9897457
1770786203417,-0.0716597,1.181385,0.153522,-0.136916,0.001438692,-0.04102416,0.9897318
1770786203528,-0.0714104,1.181495,0.1534338,-0.1372927,0.00200212,-0.04105135,0.9896775
1770786203639,-0.07129066,1.181622,0.1533589,-0.1373568,0.002058372,-0.04111517,0.9896659
1770786203751,-0.07130881,1.181562,0.1534999,-0.1373595,0.002103776,-0.04118587,0.9896625
1770786203861,-0.07146703,1.18154,0.1536506,-0.1370968,0.002019927,-0.04113682,0.9897011
1770786203972,-0.07142398,1.181292,0.1538416,-0.1366576,0.002046704,-0.04158349,0.9897431
1770786204083,-0.07119627,1.181309,0.15376,-0.1366866,0.002262756,-0.04152933,0.9897409
1770786204195,-0.07090254,1.1814,0.1537603,-0.1366348,0.002216637,-0.04147527,0.9897504
1770786204305,-0.07048538,1.181378,0.1538613,-0.1365135,0.002654597,-0.04214609,0.9897377
1770786204417,-0.07005855,1.181126,0.1541034,-0.1357709,0.003470138,-0.04257272,0.989819
1770786204528,-0.06994136,1.181122,0.1540797,-0.1357863,0.003387004,-0.04263353,0.9898146
1770786204639,-0.07007711,1.181313,0.1539002,-0.1358694,0.002395868,-0.04289879,0.9897947
1770786204750,-0.07216485,1.181624,0.1535017,-0.1365832,-0.008361219,-0.04300608,0.9896593
1770786204861,-0.08182746,1.182421,0.1517699,-0.1327369,-0.06452412,-0.05886327,0.9872957
1770786204973,-0.09507689,1.182857,0.1482919,-0.1274829,-0.1435272,-0.0859877,0.9776269
1770786205083,-0.1057485,1.183471,0.1443684,-0.1219947,-0.2061245,-0.1048628,0.9652118
1770786205195,-0.111812,1.183592,0.141847,-0.1191767,-0.2366895,-0.1126349,0.9576473
1770786205305,-0.1143707,1.183302,0.1407631,-0.1182194,-0.2419449,-0.1073269,0.957062
1770786205417,-0.1155088,1.183555,0.1397958,-0.1198414,-0.2413562,-0.09920948,0.9578846
1770786205528,-0.1161731,1.183942,0.1388465,-0.1213084,-0.239574,-0.09458996,0.9586143
1770786205639,-0.1148452,1.184132,0.13922,-0.1219292,-0.2271769,-0.08736813,0.9622322
1770786205751,-0.1065351,1.183322,0.1421232,-0.1184373,-0.1680691,-0.0628159,0.9766164
1770786205861,-0.09487297,1.182717,0.1442684,-0.1174394,-0.09356029,-0.03270244,0.988122
1770786205973,-0.08625001,1.182808,0.1425214,-0.1114729,-0.04343122,-0.01738858,0.9926657
1770786206083,-0.08204933,1.182599,0.1376127,-0.09241486,-0.02563802,-0.009950328,0.9953408
1770786206194,-0.0816759,1.183067,0.1318173,-0.08025781,-0.03007053,-0.01043502,0.9962658
1770786206305,-0.08430521,1.186267,0.124154,-0.08194498,-0.05639733,-0.02267078,0.9947816
1770786206417,-0.0886132,1.190079,0.1147592,-0.08722706,-0.09827264,-0.03740059,0.9906236
1770786206528,-0.09260826,1.192877,0.1039714,-0.08569627,-0.1402182,-0.04875029,0.9851997
1770786206639,-0.09532993,1.195292,0.09482548,-0.08562563,-0.1696084,-0.04898961,0.9805617
1770786206750,-0.09667543,1.197675,0.08857064,-0.09323603,-0.1828624,-0.04380739,0.9777266
1770786206861,-0.1000684,1.199923,0.08381034,-0.1022707,-0.2037995,-0.04373913,0.9726733
1770786206972,-0.1086683,1.202317,0.07820521,-0.1118183,-0.265301,-0.06557266,0.9554121
1770786207083,-0.1170736,1.202404,0.07369092,-0.1080633,-0.3310085,-0.08645753,0.9334243
1770786207194,-0.1189225,1.200583,0.07598555,-0.1011359,-0.3389266,-0.0807243,0.9318712
1770786207305,-0.1176509,1.198735,0.0802204,-0.09473948,-0.3206519,-0.0680734,0.9399856
1770786207416,-0.116195,1.197252,0.08296007,-0.08871734,-0.3062679,-0.06509859,0.9455642
1770786207528,-0.1143569,1.195972,0.08488514,-0.08277681,-0.293828,-0.06235125,0.9502239
1770786207639,-0.1130935,1.195948,0.08599353,-0.0834652,-0.2865247,-0.06031212,0.9525228
1770786207750,-0.1121934,1.196347,0.08639679,-0.08578705,-0.2826897,-0.06121325,0.9534045
1770786207860,-0.1114591,1.196948,0.08609703,-0.08848651,-0.2808141,-0.0625328,0.9536265
1770786207972,-0.1109308,1.197631,0.08586469,-0.09090934,-0.2773078,-0.06316783,0.9543824
1770786208083,-0.1108713,1.198112,0.0858523,-0.09357607,-0.2738515,-0.06181208,0.9552111
1770786208194,-0.1107822,1.198487,0.08577512,-0.09507677,-0.2699104,-0.06072718,0.9562536
1770786208305,-0.110368,1.198751,0.08568379,-0.09708708,-0.2652515,-0.05868558,0.957482
1770786208417,-0.1095662,1.199026,0.08577149,-0.09876227,-0.2580272,-0.05662234,0.9594072
1770786208528,-0.1086349,1.199188,0.08599572,-0.0997169,-0.2512566,-0.05601469,0.9611395
1770786208638,-0.108392,1.199622,0.08606368,-0.1027343,-0.2490885,-0.05636715,0.9613654
1770786208750,-0.1081949,1.200612,0.08568244,-0.1082267,-0.2476387,-0.05719085,0.9610886
1770786208861,-0.1075415,1.201291,0.08516179,-0.1114645,-0.244946,-0.05678525,0.9614326
1770786208973,-0.1064714,1.201657,0.08480984,-0.1132417,-0.2407983,-0.05606187,0.9623147
1770786209082,-0.1058906,1.201905,0.08448118,-0.1141165,-0.2388439,-0.05572189,0.9627181
1770786209194,-0.1055717,1.202297,0.08420055,-0.1163236,-0.2382659,-0.0562733,0.9625651
1770786209305,-0.1054216,1.202647,0.08413147,-0.1183549,-0.2371839,-0.05746869,0.9625141
1770786209417,-0.1053606,1.202864,0.08397174,-0.119847,-0.2366663,-0.05722663,0.9624712
1770786209527,-0.1055506,1.202877,0.08363965,-0.1203111,-0.2371949,-0.0571779,0.9622861
1770786209638,-0.1057261,1.203011,0.08367762,-0.121379,-0.2373971,-0.05711895,0.9621056
1770786209750,-0.1055483,1.203119,0.08387083,-0.1216345,-0.2367546,-0.05730737,0.9622205
1770786209861,-0.1046672,1.203287,0.08419835,-0.1234401,-0.2322194,-0.05686469,0.9631215
1770786209972,-0.1029859,1.203462,0.08481775,-0.1242268,-0.2255675,-0.05571636,0.9646671
1770786210082,-0.1021806,1.203641,0.08516046,-0.1253093,-0.2248081,-0.057378,0.9646071
1770786210194,-0.1019058,1.203809,0.08521362,-0.1259178,-0.2259994,-0.05790327,0.964218
1770786210305,-0.1010871,1.203794,0.08543111,-0.1262555,-0.2236793,-0.05737772,0.9647461
1770786210417,-0.1004572,1.203824,0.0855912,-0.1263332,-0.2223414,-0.05811939,0.9650007
1770786210528,-0.09993685,1.204102,0.08561957,-0.1279814,-0.2210698,-0.05961873,0.9649842
1770786210639,-0.09940052,1.204286,0.08563758,-0.1283936,-0.2181739,-0.05943011,0.9656
1770786210750,-0.09913911,1.204152,0.08572499,-0.1283823,-0.2169944,-0.05940207,0.965869
1770786210860,-0.09895214,1.204094,0.08587393,-0.1286316,-0.215771,-0.06000005,0.9660729
1770786210972,-0.09897,1.203808,0.08611458,-0.1278894,-0.2144819,-0.05917096,0.9665096
1770786211083,-0.09928748,1.20366,0.08591878,-0.1278317,-0.2150648,-0.05903792,0.9663958
1770786211195,-0.09942929,1.203778,0.08566645,-0.1286568,-0.215731,-0.0588182,0.9661512
1770786211304,-0.09937388,1.204113,0.08541869,-0.129431,-0.2152228,-0.05951035,0.9661188
1770786211416,-0.09932048,1.204331,0.08519726,-0.1300826,-0.2145502,-0.05928379,0.9661947
1770786211529,-0.09920129,1.204405,0.08498503,-0.1306983,-0.2146792,-0.0591211,0.9660929
1770786211638,-0.09918353,1.2047,0.08488019,-0.1320166,-0.2145517,-0.05965896,0.9659089
1770786211750,-0.09931196,1.204798,0.08476551,-0.1323553,-0.2145137,-0.05947113,0.9658826
1770786211860,-0.09968736,1.2049,0.084576,-0.132705,-0.2150151,-0.05937268,0.9657292
1770786211972,-0.09985174,1.204918,0.08444254,-0.1327348,-0.2152011,-0.05920171,0.9656941
1770786212083,-0.09984611,1.204898,0.08452128,-0.1326184,-0.2150236,-0.05929141,0.9657441
1770786212194,-0.09976347,1.204927,0.08455747,-0.1327915,-0.2148949,-0.05938166,0.9657435
1770786212305,-0.09953544,1.204923,0.08448251,-0.132506,-0.2145064,-0.05924556,0.9658775
1770786212416,-0.09916413,1.205093,0.08442484,-0.1333677,-0.2140213,-0.0596012,0.9658445
1770786212527,-0.09879027,1.205046,0.08454066,-0.1333429,-0.2130184,-0.06030839,0.9660258
1770786212638,-0.09856756,1.205007,0.08485778,-0.133103,-0.2120503,-0.05999579,0.9662913
1770786212750,-0.09841694,1.204904,0.08485052,-0.1330104,-0.2123203,-0.06010328,0.9662381
1770786212860,-0.09829925,1.204805,0.08486393,-0.1327822,-0.2118613,-0.05991436,0.966382
1770786212971,-0.09804032,1.204918,0.08495827,-0.1326324,-0.2106935,-0.06017195,0.9666418
1770786213082,-0.0978663,1.204912,0.0850118,-0.1323501,-0.2106805,-0.06011368,0.9666869
1770786213194,-0.09770875,1.204787,0.08509876,-0.1320482,-0.2105944,-0.06000347,0.9667538
1770786213304,-0.09746755,1.20468,0.08537301,-0.1316766,-0.2097426,-0.06068327,0.9669472
1770786213416,-0.09737059,1.204517,0.08565031,-0.1306958,-0.2095051,-0.06061639,0.967136
1770786213527,-0.09728676,1.2041,0.08592577,-0.1293599,-0.2096594,-0.06097107,0.9672598
1770786213638,-0.09713838,1.20395,0.08614275,-0.1287846,-0.2092445,-0.0611896,0.9674127
1770786213749,-0.09676892,1.204007,0.08612466,-0.1288159,-0.208524,-0.06242316,0.9674851
1770786213860,-0.0964807,1.204391,0.08604647,-0.1289223,-0.2082274,-0.06293147,0.9675019
1770786213972,-0.09583391,1.204654,0.08595996,-0.1293361,-0.2071498,-0.06311245,0.9676663
1770786214082,-0.09464608,1.205177,0.08531992,-0.1249151,-0.2009464,-0.06125429,0.9696725
1770786214194,-0.08973224,1.205243,0.08115437,-0.1032964,-0.1741909,-0.05113248,0.9779432
1770786214304,-0.08215612,1.204088,0.07312359,-0.07305291,-0.1352334,-0.0390073,0.9873468
1770786214416,-0.07703729,1.201769,0.06212264,-0.04787135,-0.1142804,-0.03710452,0.9916006
1770786214527,-0.07181503,1.199272,0.0509321,-0.02454032,-0.0783611,-0.03845415,0.9958808
1770786214638,-0.06499609,1.196478,0.03883106,-0.003368467,-0.02171415,-0.03683602,0.9990798
1770786214749,-0.0552707,1.191075,0.02332368,0.03064027,0.05576971,-0.02778763,0.9975865
1770786214860,-0.04757474,1.18142,0.007869553,0.07325117,0.1183964,-0.01750262,0.9901062
1770786214970,-0.04646893,1.175186,-0.002303232,0.09176832,0.1426571,-0.01128646,0.9854441
1770786215080,-0.05161934,1.174062,-0.006862276,0.09096171,0.1351233,-0.01894648,0.9864627
1770786215193,-0.05758132,1.173722,-0.008267717,0.08774076,0.1248655,-0.02487035,0.9879736
1770786215303,-0.06220824,1.172576,-0.0076818,0.0886668,0.1176463,-0.02354204,0.988809
1770786215415,-0.06564237,1.172144,-0.005478539,0.08983351,0.1049663,-0.02159543,0.9901746
1770786215526,-0.06711225,1.171989,-0.003423932,0.09064309,0.09423351,-0.02475991,0.9911059
1770786215637,-0.06719207,1.172833,-0.0009837656,0.08603337,0.09049325,-0.02594011,0.9918348
1770786215748,-0.06632423,1.173192,0.0002579868,0.08579983,0.09014764,-0.02609665,0.9918824
1770786215859,-0.06563322,1.17381,0.0008227068,0.08430453,0.08804806,-0.02743759,0.9921631
1770786215970,-0.06474141,1.174491,0.001815215,0.08228597,0.08649503,-0.03000698,0.9923947
1770786216081,-0.06386212,1.174971,0.00214031,0.08054215,0.08656901,-0.03221867,0.992462
1770786216192,-0.06362735,1.17557,0.002300049,0.078654,0.08535281,-0.03430627,0.9926488
1770786216303,-0.06425102,1.17559,0.002532921,0.07756369,0.08229526,-0.03630531,0.9929216
1770786216414,-0.06535595,1.175524,0.002948948,0.07722592,0.07803838,-0.03684151,0.9932719
1770786216525,-0.06705,1.175306,0.00357509,0.07875139,0.07144503,-0.03585237,0.9936844
1770786216636,-0.06938721,1.174644,0.00365164,0.08170156,0.0579485,-0.03537896,0.9943416
1770786216748,-0.07008857,1.174435,0.00327541,0.08262384,0.05017976,-0.03866643,0.9945654
1770786216859,-0.06839933,1.174649,0.001715659,0.08156839,0.05590279,-0.04101487,0.9942531
1770786216970,-0.06635472,1.174856,0.0004473373,0.08013643,0.06513834,-0.04249517,0.9937451
1770786217080,-0.06507648,1.175047,-2.959464e-05,0.07941081,0.06981845,-0.04465418,0.9933909
1770786217193,-0.0643825,1.175477,-0.0006264513,0.07740556,0.07254592,-0.04427546,0.9933707
1770786217303,-0.06383108,1.176428,-0.001220162,0.07344926,0.07377657,-0.04291587,0.9936401
1770786217416,-0.06118881,1.178191,-0.001370229,0.06461348,0.08511068,-0.04343773,0.993325
1770786217525,-0.05822664,1.179182,-0.00150922,0.05908772,0.09901541,-0.04208401,0.9924382
1770786217636,-0.05650192,1.179579,-0.001707927,0.05752199,0.1053315,-0.04098181,0.9919259
1770786217748,-0.05663534,1.17989,-0.001822904,0.05628049,0.1027452,-0.04259465,0.9922004
1770786217860,-0.05709627,1.18072,-0.001427639,0.05153374,0.09976408,-0.04295462,0.9927468
1770786217961,-0.05764637,1.181297,-0.001569087,0.04889666,0.09910545,-0.04207779,0.9929837
1770786218068,-0.05896585,1.182665,-0.001992962,0.04281484,0.09791884,-0.03865171,0.9935215
1770786218178,-0.06075577,1.183622,-0.00271959,0.03809545,0.09551337,-0.03633034,0.9940352
1770786218289,-0.06308082,1.186422,-0.00281755,0.02309244,0.09022965,-0.03521353,0.9950303
1770786218399,-0.06618941,1.189499,-0.003362672,0.00825459,0.07852101,-0.03435561,0.9962862
1770786218512,-0.06866243,1.191425,-0.004151998,-0.001112992,0.0691022,-0.03105356,0.9971256
1770786218622,-0.06975858,1.192562,-0.005158467,-0.005879848,0.06410159,-0.02938076,0.9974935
1770786218733,-0.0696604,1.193455,-0.006241709,-0.0102861,0.06476574,-0.03082169,0.9973714
1770786218844,-0.06969266,1.194237,-0.006490112,-0.01381012,0.06537323,-0.0296876,0.9973236
1770786218956,-0.06981198,1.194785,-0.006978391,-0.01620449,0.06451549,-0.02880475,0.9973693
1770786219066,-0.06970119,1.19513,-0.007140548,-0.01720366,0.06396925,-0.0286089,0.9973934
1770786219178,-0.06879754,1.195246,-0.007349216,-0.01744856,0.06564146,-0.0297501,0.997247
1770786219289,-0.06758603,1.19543,-0.007756449,-0.01837226,0.06739923,-0.03131681,0.9970653
1770786219399,-0.06611959,1.195838,-0.008054185,-0.01976107,0.06929772,-0.03264911,0.9968657
1770786219514,-0.06445522,1.196181,-0.008497786,-0.0200328,0.0720425,-0.03409332,0.9966174
